account_age_days,past_reports_total,past_reports_verified,past_reports_fake,accuracy_ratio,geo_consistency_score,device_trust_score,report_frequency_7d,corroboration_score,time_since_last_report_h,is_verified_user,media_attached,cross_platform_match,is_trusted
10.634473631025543,2,3,0,0.6244147248421658,0.9944117580716998,0.8375671959742649,1,0.6074486578983892,26.92378918809121,1,1,0.27234111705350705,0
495.74324150789704,3,5,1,0.7591635856265062,0.875119956325485,0.8677066971113493,1,0.2027784895742626,93.08456840580868,1,1,0.2887791844352594,1
478.20352698565733,6,4,1,0.5899469025008022,0.9130943930517457,0.5752591682629388,1,0.4841804991365961,1.3798168957531665,0,1,0.24911514559646808,1
51.19130838682312,4,5,1,0.8135117804088662,0.7238820792461899,0.5313625587785547,2,0.3891451477226759,32.287665934915154,0,1,0.27370986472675785,1
158.3996589272105,6,3,0,0.9170113666818159,0.5905649115687525,0.7727125652344118,3,0.6088392494658599,146.18557863726096,1,1,0.4582121455172317,1
620.3442073743945,3,1,0,0.7516034631313144,0.992751192384768,0.6748654738860211,3,0.20629974926388853,13.988574096233522,1,1,0.19519711349742624,1
137.31620885720662,3,6,0,0.7425386817123006,0.9500846069617905,0.5541490409886525,0,0.38201740056569533,14.853945583812909,1,0,0.2096854052451872,1
100.03577380921729,5,6,1,0.8596780809233204,0.9888367539710905,0.741323238327819,0,0.03252993257321288,47.740067065327324,0,1,0.3266442582712633,1
132.03871063510164,7,5,2,0.632435789692005,0.7845705230341864,0.5068235080365185,0,0.06954729827118128,125.10110509291059,1,0,0.06167194430547304,0
312.3351424800885,4,3,1,0.6988822531677699,0.5547017583643797,0.34773580825455763,0,0.13053465211106008,10.635484201741633,1,0,0.8690846530488257,1
129.74096040195306,9,4,0,0.7766712447976672,0.7884774249756944,0.5317334070281281,3,0.5516436185642036,122.23595536547758,1,0,0.18141263517604345,1
305.82767642449767,3,2,0,0.7090368322492039,0.8515581228883237,0.7457802276935753,0,0.30585509891350615,52.208806023584174,1,0,0.6515706105815048,1
113.02026719042195,8,2,1,0.812847609020585,0.6460431351338377,0.7963327135241823,0,0.2884959965733091,238.49410832614453,1,0,0.11995786215329886,1
58.07197657396031,4,1,1,0.6277580192555824,0.937959783886558,0.23450788452666146,0,0.44319467475020974,64.01019565200923,0,0,0.2170086324735571,1
79.04535874087787,5,3,0,0.9910327621989506,0.9726996120989179,0.7245401432714476,1,0.7440317387428379,52.89694605553521,0,1,0.11051190474246117,1
16.20372074576463,8,3,0,0.9101140226895278,0.8998834016613741,0.6452449651157228,2,0.7307566833360878,80.97005740877323,0,0,0.24669852992544913,0
137.58462769572347,5,4,0,0.615149845326577,0.9786371046622375,0.7778717549365493,2,0.33126050589289185,9.242015572877339,0,0,0.3977733802881248,1
32.05979083209039,5,6,0,0.5126161641354099,0.9798742878240128,0.8599783734736706,3,0.3797258073380446,140.0882324445333,0,0,0.1762654351181379,1
333.7813347336191,4,4,0,0.7359028439274167,0.7834176958854784,0.41977299382922667,0,0.7312308329309931,8.689775651089757,1,1,0.18551988886932433,1
109.14918509926504,5,4,1,0.8764299751816643,0.841856945564142,0.8697987993248412,1,0.5260752299823283,1.2482689598134762,0,0,0.2924010963791239,1
289.63593084267177,6,5,1,0.7997506233332491,0.9677362612958622,0.39198590909550207,2,0.13535538334400457,57.4490082315678,1,0,0.558649863744608,1
617.8347213181465,5,2,0,0.5051987925380005,0.8397735443189878,0.47811378051168063,3,0.4162287511204485,9.795402204187937,0,1,0.1957314664518458,1
378.7291383983901,6,5,0,0.5487416491875394,0.8099167086411535,0.6304183052465556,3,0.12014639715445277,68.25286649621665,0,1,0.1793075837405347,1
605.0885780165254,7,1,0,0.8620093858338326,0.7327581840206507,0.6612572572305321,0,0.32883348198488777,76.0769018122256,1,1,0.502938089557568,1
167.83655459819823,4,2,2,0.7048104858810147,0.8721574942105171,0.984760194009987,1,0.4756565811492486,12.964950977288222,0,0,0.306689183026171,0
36.1424346646421,6,5,2,0.767482730922422,0.9802415924880721,0.7329300864773604,0,0.1577269831590915,4.354230052732047,0,1,0.2622106516378588,0
547.8956482838786,3,2,1,0.8980487781851475,0.9008104204206772,0.7657163396505142,3,0.6311524271206403,33.34994220317495,1,1,0.18720207146331663,1
405.75636329806565,4,4,0,0.8296369126746438,0.7966671903063952,0.7536910529413733,1,0.5488376223728957,106.04464072940736,0,1,0.10973637888554282,1
399.62834247875014,7,4,1,0.4577436024572787,0.8727747760851743,0.9340455018435618,1,0.418890561927614,90.20264596701037,0,0,0.055372699941979756,0
236.36036630324915,6,4,1,0.602784937100096,0.9280253958032186,0.670006399047478,1,0.10276580956573189,5.977126318011743,0,1,0.2030097922304076,1
196.12119542050516,2,4,1,0.8217681352125722,0.9729771008069571,0.7462563924076054,0,0.4921360420424153,160.61922573836424,1,0,0.4760078347156853,1
2.966672851842788,7,1,0,0.7378280333060915,0.8475540066280908,0.7552600733107695,0,0.3290961853461202,14.709894462205948,0,0,0.09243538931341173,0
275.7081548730907,8,4,0,0.623695608891932,0.8421186444689134,0.6407443402704007,2,0.5946062739397201,20.632641779627946,0,1,0.2024257390003555,1
19.19980924988561,3,3,1,0.5063378750936707,0.6809630277819184,0.46417719483479025,4,0.5630312599598472,7.7473052250936805,1,0,0.6938782339626138,0
60.15371531549902,7,4,1,0.8188726318616596,0.9305807607671422,0.6553061016184835,2,0.5422075994732639,22.775926116041383,0,0,0.24426616298227802,1
160.36499194095157,6,1,0,0.7324871546148488,0.9882264638629451,0.13774790055026767,0,0.13738187416843067,48.46156442145347,1,0,0.42961589889610813,1
120.19842545133072,9,2,1,0.6660606377565231,0.9058108334150513,0.7682903905556759,0,0.17390943370047232,33.85815339049713,1,1,0.22010846325579306,1
3.180025904534012,5,1,1,0.6979407569953484,0.8879107972607281,0.47198587279606813,1,0.10034148795958793,84.36417444608514,1,0,0.6237937972453835,0
347.43727847733004,6,2,0,0.4246240283730925,0.8965788439773744,0.38623010408240865,3,0.036702622103829595,49.21301549302698,1,1,0.18355524997084227,0
422.0642220755121,4,4,0,0.7389448926326219,0.6274586352160719,0.7181930746041426,0,0.5680706129499138,14.683508498249482,0,0,0.266176589536323,1
229.06088544960053,4,3,2,0.6265426952019515,0.868428869504936,0.7864470770854441,3,0.21168572299013844,39.12838957416833,0,1,0.15139244876906874,0
155.77058401239503,6,5,0,0.4973596354063007,0.9550917622682011,0.4329638179130923,1,0.4160321392439577,3.184512848642635,1,0,0.28280187718151745,0
647.4988091574269,4,3,1,0.47112546011386325,0.656211163806369,0.7145631838300386,2,0.25955155267008995,41.73046218819624,0,0,0.4670938935713906,0
25.556721765111728,5,4,0,0.5113352994358675,0.8837704594264502,0.5751102284581536,0,0.1439282184061605,23.699777976006835,0,1,0.3998031363989719,0
267.81350550301914,2,2,0,0.6450447111474303,0.8648214089162164,0.8056269580555668,0,0.43316396617205305,4.9719668994150465,0,0,0.22386499741807311,1
27.475897501084194,4,5,0,0.8166172573672904,0.854788532968627,0.5029440423155345,1,0.5399415608184317,17.634959463958193,1,1,0.1869662933212169,0
96.20314372505766,5,2,2,0.846479918457925,0.8065270681891772,0.720777411783389,0,0.6093003408603704,109.61451351524877,0,1,0.28535804988813046,0
176.12898655587406,6,2,1,0.5480271211754183,0.8315266617697212,0.8135107665886153,1,0.1911476294697916,42.33508655123008,1,0,0.20238965837780493,1
267.186945274685,5,2,0,0.731278431879264,0.8552189395457561,0.2653034480542076,0,0.36033045561963656,112.11736494233625,1,1,0.33239941134932743,1
0.7446044252246661,8,2,0,0.8148029106161452,0.8799444043215092,0.6468066537388981,3,0.14845169236790004,25.391825336440128,0,0,0.6147385408430914,0
60.3826747823147,2,5,1,0.5270148622096019,0.8834012472411643,0.6482715035377518,0,0.12248353951230873,185.2267140290611,0,1,0.09986088758825364,1
154.52484592728396,3,3,0,0.9009302591575898,0.9086792630356368,0.5832348884041124,0,0.3839939314778237,21.423209959800467,1,1,0.23024550276052214,1
152.23111271787715,6,2,3,0.5103046325299481,0.8877950213889387,0.7467179620831476,0,0.2515389883843698,67.86672507935103,1,1,0.3414109332433522,0
203.01593031721433,6,6,1,0.8083985905011392,0.7077132551833255,0.4419509859663986,1,0.3484132309280152,17.492331739147875,1,0,0.3868367147080333,1
72.43905369141955,6,0,4,0.5633108973987887,0.9778189781157534,0.9357489628838125,4,0.23797752026810348,5.377868719722367,0,0,0.24364363631911046,0
155.53599954609982,3,1,1,0.7103449250025347,0.9683887701451434,0.41505949773565254,0,0.5054154345728817,85.92482047748905,1,0,0.3624478329236136,1
42.09156564430705,7,6,2,0.6680167157595724,0.852339397175137,0.8480449591472808,1,0.2438648787324971,69.02068730259263,0,0,0.15651273022516865,0
41.373400785988615,7,7,0,0.8285851810943777,0.6652657113707866,0.748392696052842,5,0.43017446891759203,82.47836068352535,0,1,0.5073068169055496,1
171.87056230667554,3,5,1,0.5785844821415054,0.6936159665968785,0.7770838216105406,0,0.4267645253703697,17.099455479358447,0,0,0.2839235289337461,1
231.3368073347207,4,5,0,0.9742309811197788,0.9825397865454477,0.7171626312726678,1,0.6193704383716188,58.38015939891572,0,0,0.11640597457220027,1
25.65759648442819,2,3,0,0.5539526101809518,0.992351719393329,0.6113247045591087,2,0.24825151332574483,11.921397650266394,1,1,0.2716831440358472,0
26.201750153514393,7,3,0,0.5445789147831602,0.5115180750079499,0.6795068786668064,0,0.5895223560060795,0.5460479163966351,1,0,0.6054940175460604,0
166.6210665083972,7,2,1,0.5632028757822636,0.6347886242252934,0.6872910716923217,2,0.38272586937552144,96.65134689795426,1,0,0.111338679644171,1
62.96838419095078,7,2,0,0.7840504467117045,0.9449389888964516,0.7204876796712716,2,0.3008001944822193,35.58437017770094,1,1,0.13617320300524718,1
99.64740614248491,5,1,2,0.7630944356751399,0.9932597920270562,0.6370429732768863,2,0.35518240354702396,197.45911343138653,1,0,0.22282129586079932,0
102.41476303576931,6,1,0,0.2704984820234953,0.8137635879565244,0.7957247481284991,1,0.2577142878481591,23.33717056098869,1,0,0.2964580996862651,0
39.33753768272802,5,2,1,0.6256969691279632,0.9854141834371488,0.48184128242814256,3,0.25591506325469465,150.8930971181549,1,0,0.2642720481805225,1
0.263099663849131,3,4,1,0.3853401886139101,0.8927900435265348,0.7088704246692046,1,0.6227415020925563,45.8237132183546,0,0,0.1602348884685595,0
383.6711893409256,3,5,0,0.7354022348820578,0.9913036009031823,0.8306263416513251,1,0.5359652773562077,34.45728914994786,1,0,0.16619722482171215,1
251.05460143005823,8,2,1,0.26363915948302,0.8999633311820007,0.9058925984200636,1,0.3085198474271988,17.31344348904186,0,1,0.03100354674666553,0
234.58435531501115,6,3,0,0.8181111167350684,0.9554978165258169,0.6188688038469664,0,0.35654767987504177,83.73838301410122,0,0,0.14539916470857722,1
158.15426787984433,10,3,1,0.8108487451034733,0.9783156797851319,0.9243022145982754,1,0.4313783300227446,84.71482217571712,1,0,0.5102069257869629,1
241.4420442071799,7,4,1,0.9054480587067677,0.7370978384347658,0.31541631883991844,0,0.4302258422153931,25.893466988638664,1,0,0.3851659105239313,1
548.8029821072739,10,8,0,0.770861094459143,0.8367330736881569,0.7301840464535418,1,0.5503712260081711,62.36917635487359,1,0,0.13610306071172404,1
219.12758503279846,5,4,1,0.5161136053332478,0.9581166345952865,0.7635854767391277,0,0.4552970934681261,28.455726415836587,1,0,0.4921800854664905,1
61.601828773214315,6,4,0,0.3222724830937434,0.9500735473110355,0.735582621729133,0,0.18972957238898952,64.59667679528133,0,0,0.24124636054074025,0
169.05467302469236,5,2,1,0.6665344153876541,0.7896270379757475,0.6370367557972951,0,0.06629393310545488,247.11368075653925,0,0,0.484795263905256,1
116.79557074011106,4,3,1,0.3729855050523631,0.9089635436830213,0.8100170049579166,1,0.20387994405502868,14.615241239745757,0,0,0.1250582391248095,0
162.57503027588947,5,2,0,0.9569417526966193,0.9286726304164675,0.4791095142860786,1,0.15735042320053041,48.252733511066424,0,1,0.3243564286430019,1
145.8006706303364,6,0,0,0.3966655233328132,0.8294141014815734,0.31808384730900663,1,0.3169902783202804,22.936271512237965,1,0,0.31024235004986506,0
391.4805870893762,3,3,0,0.26341180040709816,0.7853434924900912,0.71521035129507,1,0.2614659300728481,38.15498307278689,0,0,0.24316493156784233,0
210.99570970989828,5,2,1,0.6202880272851427,0.8834468488455864,0.643401805478945,0,0.7185276331836485,99.48686145408969,0,0,0.12073457557841312,1
41.83789229530143,3,3,0,0.5959055516471243,0.9063364739068998,0.5893353773562956,0,0.5975586091792684,20.498900234722413,1,1,0.40204641632049115,1
13.01798078430379,2,1,0,0.7391026329305942,0.6149671421169479,0.5075056922721332,0,0.5845709594703845,3.606819014078207,1,0,0.5466175508784914,0
110.45587907743194,6,3,0,0.8153898111870135,0.904513107358784,0.7421130327224655,0,0.29489487836392964,76.99861960874232,1,1,0.16611039854656615,1
3.146750222880627,5,0,2,0.7316101034910286,0.9600931986115885,0.8307154564958709,1,0.34337241968273446,38.86736893272493,0,0,0.6964088576263786,0
76.63235316898961,5,2,0,0.7775783405940762,0.7887405832857218,0.9519678633596036,2,0.6297014097833005,28.643923510800636,1,0,0.5001693512519143,1
91.77997120879616,7,3,1,0.8417545572529979,0.6503118997437749,0.808067001480907,1,0.3986292562260906,9.721147841849042,1,0,0.6002517419347055,1
94.18925436190936,7,3,1,0.5520628207785248,0.9991893362561708,0.7904637013123047,1,0.24167958265932676,4.6776227267844614,0,0,0.15701809431232355,1
776.0082274976539,8,0,0,0.4120861558613653,0.48962103116662276,0.7157277177187349,2,0.18411144126161388,15.683973122038804,1,1,0.12598596578239246,0
72.4526421290426,3,5,1,0.6994475694219734,0.9357785853159201,0.7523741720139461,0,0.06365540155456646,60.91487845644596,0,1,0.6911013053813856,1
61.63886904033371,9,2,0,0.2648679930056149,0.8793143399624542,0.5535801972972879,1,0.39699926862454454,25.47066383070736,1,0,0.20014414715238482,0
27.710149379260194,5,5,0,0.7538533909529208,0.7275923078359549,0.8875490022436994,0,0.37794234541057925,40.535975203139344,1,0,0.31873065245353027,0
143.0821717102216,6,3,2,0.7171140386998212,0.7736950427260696,0.7183091573781493,1,0.3716744615816793,4.109160591333766,1,0,0.31132614851076856,0
33.37020252541156,2,3,1,0.3145473554019987,0.9389432356927092,0.4586521458652931,1,0.10742705835101944,6.313221869280086,1,0,0.38801939385041667,0
191.57610042570673,8,3,0,0.7478341683673171,0.9537033403725598,0.8427410748467109,4,0.46029865510712686,0.5457709263448127,0,1,0.07279074481853237,1
33.72155140105279,4,2,1,0.8859806565847067,0.9075425612296767,0.7590473077958407,1,0.7362047161646557,53.69593756821225,0,0,0.2660066140432969,1
171.92221991264802,3,5,0,0.9100436213945821,0.8089967104751346,0.9063988941973639,0,0.29915321127938643,14.742859619971707,0,1,0.06558906098368511,1
350.0497059461496,7,2,0,0.5615162786855765,0.9417084268452284,0.8472462351525977,0,0.4502634395064083,163.63322480214967,1,1,0.4122893948346631,1
8.691057034233836,8,2,0,0.7477792097007939,0.8236573272289033,0.8029950583025023,0,0.31067265559484813,17.7037548401739,0,1,0.39109984712711554,0
108.85820408601494,10,2,2,0.8473296433357915,0.9134319399587463,0.9477639780652742,1,0.22744610571707233,21.69390374831805,0,0,0.44111264956696355,0
123.62611209450324,4,3,1,0.8560447819777772,0.8732791441799819,0.45762776221944546,0,0.14691934198114834,30.427975355854755,1,0,0.2719418749597358,1
313.1532541425747,4,2,1,0.7931909063766855,0.49845839501072897,0.7925267380889647,2,0.14291382336173758,18.451184341016045,0,1,0.4491284038133495,1
126.19064312909745,3,2,0,0.7633045414556965,0.9581893992832223,0.8301260116743618,1,0.09372337402750387,81.63331398448105,0,1,0.3292707463718012,1
167.65113985704443,6,2,0,0.2391455737800387,0.6741721229497951,0.7647304397369448,0,0.6223143098527937,100.27886055868268,0,1,0.3444577040317303,0
313.27975895430717,10,1,0,0.6306267509771776,0.4545946800115343,0.8593581673856331,1,0.08276115998462417,0.5326765688925597,1,0,0.06315276855857703,1
164.08636458860823,7,3,2,0.4684499294250761,0.8950229490575523,0.7626393945782081,1,0.3558101476207095,51.03506667980511,0,0,0.3919737335283262,0
88.72669205562137,3,0,1,0.8864447923206872,0.9855535736374458,0.40838848981047365,2,0.40278135815899435,55.61488698134309,1,1,0.2961305355223565,1
17.950431927374854,8,1,0,0.7367189897004858,0.7235182500028566,0.8870381773027901,0,0.5155528867456902,156.24708872281093,1,0,0.3535816307717276,0
261.8041771019493,4,6,0,0.6557056666553165,0.7105137745739659,0.8071668634453405,2,0.2715683012170605,22.208126730837208,0,0,0.29344135765162377,1
409.80287599338226,6,1,0,0.8796729311377849,0.9321677823795147,0.5244212819986124,1,0.38029437141373457,10.428520743491365,0,0,0.44873902355008044,1
701.742289710637,7,5,0,0.7043190603058556,0.9761977588743821,0.7692951072580877,0,0.2569398386392399,35.28866255750044,0,1,0.25169822634792177,1
522.3659437994864,1,2,0,0.44336334732848237,0.951789923996554,0.70409243569869,1,0.61307902534662,28.483326587364395,1,0,0.6343833126567648,0
319.3220172210935,4,5,1,0.8260999509023759,0.6980337757614264,0.6938711724315083,1,0.24944772137173044,75.308496057346,0,0,0.2967374587353735,1
206.26846215968206,9,3,0,0.7629438851665546,0.9536359740653563,0.6652452412750706,2,0.32982746041583566,112.47126238884746,1,1,0.22181338864892478,1
304.15737642694205,5,0,0,0.46901820915918396,0.9820767551542973,0.7323327665537341,1,0.09494002399998666,4.353583441290147,0,1,0.10820910685645618,0
113.1562505809115,2,1,1,0.504867935420172,0.6201175483320045,0.7367897658361601,0,0.32357718365485544,89.97948586856,1,0,0.25020445940178376,1
180.663161681296,8,3,1,0.6958644295314893,0.9815260866052619,0.5129824871159944,2,0.11896356168717048,115.03563859759545,0,1,0.24552694782694928,1
85.75692407677865,4,0,0,0.9505358347780014,0.5380746908775758,0.6532036776705172,2,0.20534083304686,123.78294771579537,1,1,0.33524936728467036,1
79.11559396330581,9,1,1,0.6991596922986121,0.5989823015269915,0.34777837501149844,1,0.15118016504258114,69.37139029820388,1,0,0.11774932191889113,1
282.68524333554484,4,0,1,0.4728711184701082,0.9818191965114867,0.49857764592543297,3,0.20592206458868179,65.04555594128375,1,1,0.3620182873149625,0
121.00264029608563,4,4,1,0.9027628549793395,0.8939796751226121,0.6803953658265308,2,0.6370369471977196,0.7204246247524906,0,1,0.6999920618072285,1
47.6923716914456,5,1,0,0.3162960963688834,0.8170116699089701,0.835706990541039,0,0.342622018376381,121.35008633789076,1,0,0.2208797837317159,0
45.11383864674082,5,0,1,0.3542423856129492,0.7992570965471659,0.3458870225603746,1,0.3507370677723351,20.78886312266922,1,0,0.13273906772469163,0
392.04371177071675,3,2,0,0.9496362876175476,0.9628903422771876,0.532234068985469,1,0.7150991471828029,2.015583370797323,1,0,0.2629780200407816,1
226.49204071949066,8,4,1,0.7191909919823137,0.6263570646779693,0.7182492395070942,3,0.43503549207803327,25.56937022102006,0,1,0.32253522104106785,1
157.95191385164202,5,4,0,0.18164368939106842,0.8868568599843046,0.7571019711725311,3,0.3208692793325611,63.35783220124162,1,0,0.111911292226429,0
102.4782817924024,4,4,0,0.8019560721753429,0.9498005158288784,0.735798337144975,1,0.36662213236268226,27.999169727875568,1,1,0.17743870368248182,1
112.71079325349942,5,1,0,0.8504112079287773,0.9345517490677665,0.5238717167083692,1,0.4831100726115676,68.10544215074698,0,0,0.34010638771255514,1
11.830120509786974,4,3,0,0.6677158312017607,0.8317530776219598,0.8245250165436173,0,0.15424265527949124,34.18297739558721,1,0,0.2242453922379006,0
121.36092522132628,6,2,0,0.6713808712447936,0.777787803441218,0.46308881368540583,2,0.23822890439085712,17.081132102107784,0,1,0.448511550873056,1
317.3933683694293,3,1,1,0.7557231870242306,0.9458207742483579,0.6174757643825269,0,0.44731357424586565,10.885949951905706,0,1,0.27943814139466866,1
98.20018107326173,5,0,1,0.7444230153411885,0.9362228396012556,0.8191635077835858,1,0.20652271384572518,26.23829857697686,0,0,0.26856065324417544,1
96.76575231305901,8,4,1,0.4820404128650065,0.9993944658795635,0.9183594832239366,1,0.6055473481452813,1.7500856107404439,0,1,0.2277911247843446,0
3.1682796028659457,7,2,0,0.44306233627544633,0.779134202226803,0.7951724404492646,0,0.22359886978914031,26.357897541483702,1,0,0.17836294724761792,0
122.43707602083916,4,2,1,0.6841047421701388,0.7117351158194075,0.4592969839288984,4,0.258109912854848,3.412225229258573,0,1,0.12643612281152633,1
5.1328357359114705,7,1,0,0.7200340537909342,0.9938346738118106,0.8335646806361776,3,0.44499342577720374,100.58924153556657,1,0,0.7988013767127424,0
168.95660478559898,5,3,1,0.7970450616165095,0.840866509029279,0.4380295348935095,1,0.3019965678368565,41.126332354230826,0,0,0.16488697962949986,1
141.3613626342076,4,4,0,0.849874782734316,0.496328199599465,0.6235883350297005,1,0.6387589848179687,49.851827396321625,1,1,0.33148129299841345,1
366.52691668682576,3,6,0,0.6189928376732268,0.944205493179004,0.33303127672586946,1,0.4705517565435436,16.362795558954065,1,0,0.3030312482973712,1
174.34982598010168,6,2,1,0.7813656802737489,0.776584926215759,0.6537890743086208,1,0.574731347412415,12.285708710121972,1,0,0.14982134442385603,1
78.14309080414561,2,2,0,0.6752549063627996,0.973277110416415,0.9063998812944686,1,0.4608749246108604,59.07249793041113,1,1,0.3433239667238127,1
145.22955567787662,5,3,1,0.7768797286106649,0.9966464172469316,0.7122181592166649,1,0.8655118668690853,53.444054419981335,1,1,0.12159563235732719,1
240.59889377704428,5,2,1,0.9771519079588388,0.9592314716038974,0.4169909972734086,2,0.818442184105191,6.282322242660291,0,0,0.35623395371594774,1
19.735202564376316,4,1,1,0.7720392213787172,0.7651850969267262,0.5887788366650611,2,0.3215279171619936,13.087237816297215,1,1,0.5426423873344671,0
194.08291542001405,8,1,0,0.7203766737435646,0.9985165491384563,0.44797038716373455,0,0.14531087410591056,140.61557754719888,1,0,0.07873106852616783,1
496.8844301824575,2,2,0,0.5283891719964704,0.9336474543611969,0.6378683268650251,1,0.7665595750888511,17.407707498552817,1,0,0.5780797318037542,1
71.08665606193173,6,3,2,0.6878098085925848,0.7491087311603686,0.7790346797324258,1,0.623105819586158,1.2562081415243713,0,1,0.48990509593007925,0
197.03445131015653,4,6,0,0.887830227834359,0.810276757623932,0.9306050061558693,1,0.2984029974858297,3.1635349405801723,0,0,0.4063622166725642,1
344.44233474025935,6,1,0,0.5443983353741509,0.7954729122851998,0.3933301885439918,0,0.42273701515693257,71.70510700314382,0,0,0.1927320967954388,1
143.4086450487935,2,1,0,0.46380971215957967,0.9617841129955849,0.6378751377623156,0,0.7483165757932396,67.93606647298768,0,0,0.17971771436725525,0
253.1551272563238,5,2,1,0.5266198683703299,0.9189160069231004,0.8735104088323029,1,0.24261623912562275,23.087393341398954,0,0,0.07346333366429077,1
74.50580262905875,3,3,0,0.5773953652412335,0.6209712311513057,0.539406045862181,0,0.6317822350988115,7.981999518615012,0,0,0.0748198305291662,1
73.07350962789488,7,1,1,0.8750996185900013,0.9798561156371701,0.5900981556829097,2,0.10201071587969625,33.08950928223745,1,1,0.6031511284161557,1
220.27362959161167,3,3,2,0.7969510682197508,0.9863902472022829,0.564395291101794,0,0.21785615021571259,19.358420905631714,0,1,0.16350610531968857,0
244.43337950337445,4,7,0,0.6646512774952421,0.8831819508105013,0.39853610107901366,0,0.6774661658811839,22.481008641393686,1,0,0.06199068997564552,1
552.9549049907918,4,0,0,0.7460433658135136,0.7744081377009098,0.4142490886345391,0,0.35933059332247325,14.5170019044224,1,1,0.5392287637966077,1
50.93679612635977,6,1,0,0.2677608939637426,0.8400566019503651,0.450078973424525,3,0.3711321365099893,3.1161776442434106,1,1,0.14185731666155568,0
126.30417770259514,6,4,0,0.990107837970066,0.9062030595876415,0.6025809426283645,0,0.052820128177514164,75.17680357006638,1,1,0.16550462885029504,1
57.673387560743095,8,3,1,0.8446153515340868,0.9973224427131391,0.7652513797242438,0,0.592328569845862,46.21981982382841,1,1,0.4526530780101231,1
16.69635776534408,5,4,1,0.5276975696990287,0.8930658946481699,0.7753062176180869,2,0.4259436250536768,86.38084202258497,1,0,0.20538631451105943,0
103.24487682559098,2,1,1,0.8398039691157111,0.9344530961391339,0.6761821938655297,0,0.5353722317905826,33.57944297335271,0,1,0.15828486049051935,1
93.70678109603018,9,3,0,0.805475734048096,0.9898601020711897,0.8342023235290089,1,0.4089256380538121,201.5431079047092,1,1,0.17177978009853442,1
63.061121328402216,4,4,0,0.5378622978366387,0.9517481418830345,0.6784450629201717,1,0.34942921383494974,157.63578324036212,0,1,0.18309842734669218,1
70.47822399417494,7,4,1,0.8753339189426736,0.8450004902939012,0.6713487962160696,0,0.43006991236098535,15.223529624062763,1,1,0.4089005102776312,1
89.38615143068583,3,3,0,0.7027324864583592,0.8159770171831157,0.8269452375368481,1,0.2105181412976107,23.488929533919027,1,1,0.2654361705926262,1
899.0414456086831,8,3,0,0.8006750466034487,0.8844871375884932,0.5205427768180152,2,0.1075943941305025,67.06517607082648,1,1,0.14993582128696484,1
305.5326635000275,2,3,0,0.9451146484817021,0.9908495881661112,0.3784646076344003,1,0.586454872486065,71.94273068324341,1,0,0.14755453608964067,1
14.815699367112318,2,2,2,0.7425476811882354,0.8605466862409401,0.7060638681961513,2,0.5679725531088414,115.95571769205966,0,1,0.22145726989961861,0
411.7916354811814,5,2,0,0.8291590058965592,0.949145808183567,0.503240427278122,1,0.38196630637692464,50.754039399757396,0,1,0.41368776268853275,1
200.64405502354492,2,4,0,0.7893049550636725,0.9876843895781011,0.5710992305360193,0,0.6530599696911736,30.94019880766694,0,1,0.18308509037103252,1
442.5374706687877,9,3,1,0.822506012507652,0.899080726296011,0.7035753371633855,0,0.5012278878035357,22.764246410079178,0,1,0.12009059308094686,1
83.62184799797102,7,2,1,0.7321479687507148,0.9919820549107125,0.5134404621891024,0,0.09281191288110446,26.078970563548047,1,0,0.0884753524970661,1
124.91792362428791,5,2,2,0.8084027239429237,0.9659939623105489,0.8624204177603645,1,0.8732358407358053,91.19158301933034,1,0,0.30487883197822857,0
453.1100019876508,3,4,2,0.7211523118497771,0.8431822861259016,0.6139587134489621,2,0.5116289316490172,187.7983336122453,0,1,0.20837403307553354,0
63.64836309111139,4,1,2,0.8406445863717652,0.27936732003863934,0.6758976915180775,0,0.5224961587084969,2.5586392712342167,1,1,0.11975667604946091,0
494.2028228882008,6,6,0,0.6475688809740777,0.5924285377247397,0.6272429413241252,0,0.39912343389732047,41.667996887545144,1,1,0.11969843862268709,1
352.6340667836959,5,3,1,0.6936568671863587,0.9598207693444551,0.7573485925530674,0,0.668520011300934,35.23591791340898,0,1,0.15851074981724633,1
788.063313051033,2,2,2,0.7291817163520052,0.8663727401663669,0.7799453287863505,0,0.24368739262509392,22.647981176346477,0,0,0.09561524798257469,0
78.38866428755928,5,3,0,0.5820307984890984,0.8091518730649961,0.6702749516917383,1,0.47489922189373746,91.56889061428153,1,1,0.592590661614409,1
53.7728958336418,6,5,1,0.8809810530308201,0.8967289714533092,0.7320037744359592,1,0.19716929831309002,41.155963925804755,0,0,0.2936614742492112,1
80.35445611306157,5,3,1,0.8634257331912092,0.5625396146864308,0.8254881529103851,0,0.5373219754196268,18.02831720121723,1,0,0.08025876437670969,1
618.6681207673035,6,2,0,0.39405192078166423,0.6085270619703862,0.6185205713130837,0,0.5141011419048027,28.184357834490648,1,1,0.4928652159876067,0
81.01502564792233,6,0,0,0.8830851978960221,0.9765138095525054,0.7936402875898674,0,0.4410536883927242,21.18264441077798,1,1,0.22165911125226398,1
166.5792617837703,2,4,1,0.42861062884627693,0.8176691030151387,0.8003247937171158,0,0.2729169149606383,26.98891768361613,1,0,0.5558182889166747,0
103.39532803679052,4,4,1,0.5175704786950625,0.9605780749787981,0.5402230903992963,2,0.5029510538046037,3.5487688709249006,1,1,0.24615839058068695,1
100.90912502085519,6,3,0,0.649013996401043,0.6662337700050571,0.9115047490714382,1,0.22710215071772571,5.697059468439843,1,0,0.15017132079114626,1
42.980175604797786,2,6,1,0.5551939477319435,0.9328833258640622,0.394140855283221,0,0.3072120959297041,46.912631058603054,1,1,0.5104371792866309,1
154.04000680669833,4,3,0,0.5224251155042939,0.9631067273054247,0.737145045411424,3,0.41794979659372095,55.30701470282884,0,1,0.2857686458154289,1
378.6312434899576,3,1,1,0.35533609036814023,0.766033484716734,0.5362944577090881,2,0.5432978877562862,48.59075054871911,0,1,0.24964341423770642,0
10.150270053974095,3,1,1,0.48794227234749565,0.66326667846851,0.6418447493840356,4,0.19993808851048936,69.12063940509788,0,1,0.2415105911114555,0
440.05370969799935,3,4,0,0.7951140453950472,0.8032891377084722,0.8404491054382389,1,0.5355246473760998,137.9576146676831,0,0,0.19016240584303826,1
219.00751619352866,4,3,0,0.7492241157784962,0.5007197289635825,0.7718803722306623,3,0.33246964461329664,94.58587755004496,0,1,0.06374380852799497,1
191.80733216006828,6,1,0,0.6941295353235076,0.36807420427928683,0.7270560890373424,1,0.5108846197391723,26.023717474195564,1,1,0.2582565229088373,1
196.64655205063525,3,1,0,0.7646234390903988,0.997966690852992,0.9341213935490109,2,0.6143526248686144,11.775191286879538,1,1,0.30911263250613696,1
70.27205720128464,7,1,0,0.7262773392338793,0.9686594413708611,0.25978384324068704,0,0.7008810860615136,17.940079459093027,0,0,0.40348122301930317,1
107.27809548460323,3,2,1,0.9057473553685439,0.6806936861186169,0.9428217217724806,1,0.11778104978114272,42.53302415796645,1,1,0.51218201166855,1
321.178845645476,3,3,0,0.7236885749364935,0.942194385691639,0.34287532382434516,0,0.3360397510409322,93.0907101144273,0,0,0.36208635710977244,1
73.16650276645699,11,1,1,0.9286470004916992,0.505635955548643,0.5551614913949197,0,0.17434157653334992,58.06735011295136,1,0,0.41060851146372757,1
126.98328088644479,2,2,0,0.5326551560829034,0.8261051242538299,0.33483146073121395,0,0.15919033183185866,37.588827078842904,1,1,0.32892409902466574,1
3.9655088844030226,8,2,0,0.8435276908407606,0.8522928685120736,0.8922371458981005,3,0.03987472040157099,44.20788917503962,1,0,0.02938779934204298,0
264.52000394198615,10,4,0,0.6517454806627503,0.8976501542753078,0.8668639798726632,2,0.5906467465463116,36.06383354425207,0,1,0.20338942930866455,1
108.1546476433626,4,2,0,0.8423543763640914,0.8309264516795358,0.6697511237207653,1,0.7455234116081664,170.9920949811049,1,1,0.34103810903083587,1
149.03921247629822,5,3,0,0.7255202440989,0.9460073019489338,0.6983858726585292,1,0.21986219036681545,81.27920006679042,0,1,0.39564311270246144,1
24.363328451566144,5,3,1,0.25273474725053574,0.8825271026520065,0.7155833764953402,2,0.38809818024495063,72.9576083878454,1,0,0.302106877490125,0
958.6431094065751,4,2,0,0.809668105976427,0.8408635667730001,0.9193368035009354,1,0.30247442994298623,34.96415950217057,0,0,0.2773672855925875,1
72.04132803275908,8,3,0,0.6417638284877215,0.48812375066669283,0.5516271516579884,0,0.6562225583679638,19.35273134209044,0,0,0.7813207513051758,1
201.56592028149737,11,2,0,0.7881758470518462,0.7957704327663211,0.5427211768341712,1,0.4201273474425946,0.9459363884331469,0,1,0.34582308372933324,1
174.0897174143527,7,2,0,0.7403428041671725,0.729535121153989,0.644883576730103,0,0.18922576422617965,2.131264068665395,1,1,0.27829994093131166,1
307.5092396608701,5,1,2,0.9723686862207642,0.9728280135322835,0.7322493154949414,0,0.13808364284211033,1.4738170197260212,1,0,0.41321104742293685,0
69.58182542125832,7,5,0,0.8882507027145871,0.7796822486964302,0.5524691274193376,0,0.9000034665287026,188.9352036156653,1,0,0.32868323122746795,1
282.0578663215574,4,8,1,0.5345219818058701,0.998871073082566,0.6874820118351931,0,0.38906288293238733,5.835978081273943,1,1,0.3670759641977855,1
96.41580264277331,5,4,0,0.5214167748981205,0.8588800053661443,0.2981113506928778,1,0.6004680122115091,7.357906193819438,0,0,0.05671568078452202,1
105.92048386925674,3,1,0,0.7415324434988921,0.9136285807366515,0.7294604558562997,1,0.5809006019473493,31.773082997888494,1,1,0.1051823046044205,1
223.38327407885888,8,5,1,0.7614294736056402,0.5867093344883095,0.8810688327331015,0,0.6203351985986577,31.51798348623967,0,1,0.4140831156238872,1
306.76015291501193,2,4,1,0.4906939792936407,0.8926477578233651,0.5987162113404868,3,0.8743935139076112,121.21923787785622,0,0,0.1421697705804546,0
219.84247540936153,7,1,0,0.42927388630762997,0.9657062542270172,0.32103745714827076,2,0.41048130361832286,3.666074984831554,1,1,0.39101875976669287,0
460.27620477756,2,5,1,0.5514266686408664,0.8694712876405898,0.5528025328819314,1,0.7817791907074337,151.30236811606116,0,1,0.13196454026992877,1
67.13903598441586,2,1,0,0.9091400787457471,0.9984458498907278,0.7680425233950253,1,0.18499944277290123,11.704518505816813,1,0,0.28115692775846596,1
461.75430209887793,4,3,0,0.8421801717317821,0.9335122191734155,0.7462740137760058,1,0.936834539504767,168.5615069850855,1,0,0.12219737975162909,1
28.05102376030969,6,3,1,0.559803152042778,0.974855252008271,0.8484021601452344,4,0.3964065970245321,37.41174796488494,1,0,0.15623939001835954,0
215.4858400059175,6,5,3,0.8267088420556681,0.9827321994705728,0.5993408274499684,2,0.27029107129208196,50.66829245361657,0,1,0.19515924874249654,0
158.65125797304907,4,2,0,0.8374606484412421,0.7828429814539175,0.8798056268245648,1,0.4747405626975947,18.211243620452205,1,1,0.2450709415920383,1
136.49523987389597,8,1,0,0.5238979050015834,0.9805753962326216,0.7108857317326666,2,0.38378139095988795,45.42222278331557,0,0,0.11346924675127766,1
74.47726733469811,8,1,2,0.8286614097348223,0.922223867365045,0.946246761027769,1,0.06045911922844788,59.55550883387491,1,1,0.11017678603702812,0
140.12813548509507,9,0,0,0.787083771147018,0.4063877473603585,0.6040704455877165,1,0.37537069001425066,0.5003669822292856,1,0,0.15931622098099857,1
35.29335145846956,5,5,0,0.8600432824340936,0.8657566113186628,0.6055740584429887,1,0.6964273183384784,1.6717410107176938,1,1,0.2668873851568281,1
92.19163474934308,4,5,1,0.6914972124418829,0.8631186771606284,0.7504129463767572,1,0.5148282791534481,206.56148267067434,0,1,0.2312620847372027,1
20.77918828605913,5,2,0,0.6520665837335732,0.7023564105715969,0.5978596458745652,3,0.09397821077228977,29.360278155995587,0,1,0.46730002609311266,0
169.65474718005382,6,3,1,0.8319117260187889,0.9484827611036959,0.4847185542522488,0,0.7764287767122026,131.809204196657,0,1,0.30153315944736353,1
20.133837698888378,3,3,0,0.8609224387632598,0.8860512088914669,0.8300515434829928,0,0.5106658427810934,62.82980135450228,1,1,0.12734970956179792,0
34.95275234003819,6,1,0,0.7467599758702933,0.8225320641182868,0.7672754994206135,0,0.25337826143833375,22.40439331776168,1,0,0.6023698758802805,1
17.868301889086194,9,2,0,0.1551643518247197,0.9508958052966331,0.6169889892792939,1,0.4123976637375918,7.8484806804433696,0,0,0.1643062812182778,0
96.03039477297868,3,3,1,0.8365792953540453,0.9424870732962911,0.5773241424414761,3,0.6953925742887943,183.53441646649785,1,1,0.25269746155725453,1
368.97946676005733,6,7,1,0.8754783549830853,0.9247201270824441,0.9361361151164552,0,0.5363229832294778,42.15665551393987,1,0,0.09326029841853395,1
474.8084674978304,3,4,0,0.3731595794759108,0.864164576419551,0.6324052534677849,1,0.2035549016965141,10.254464805434964,1,0,0.6284964765963392,0
14.920886218432141,5,2,0,0.4993513957722523,0.3776937258851122,0.496249844591342,1,0.43796548138493446,54.94143524425123,1,1,0.4705221679573861,0
201.3252387005735,2,2,0,0.6661602140314904,0.9199556675594278,0.9503921350411223,3,0.5533593144178007,4.635087683101698,0,1,0.24363657722719329,1
230.64670158169847,5,1,1,0.46365482882738546,0.45962758915987484,0.8735183086064758,0,0.42944107428438627,97.2113192908024,0,1,0.09587796975350928,0
152.61521618220567,2,2,0,0.8039716155392426,0.4796872990580978,0.8942657388614171,0,0.47326095790377304,4.53415785179047,0,0,0.3544537723060038,1
219.91346579652017,4,4,0,0.8127653807445402,0.9079010583461123,0.9343541560871151,0,0.5043756085678861,12.93321205674015,0,0,0.2384559074544593,1
53.23388499858256,3,1,1,0.8288906530857155,0.8047682419866362,0.7004022698978026,0,0.02498962499602019,4.60244306448098,1,0,0.2736755392694843,1
134.5294345211823,6,7,0,0.7975453113656082,0.8912448085502,0.649683951645346,2,0.5116384671162985,5.259715824317244,0,1,0.4627037096695604,1
99.1466343361687,7,1,0,0.8420728481865634,0.9713213859248598,0.6498188440765821,5,0.3542143203997436,35.6154753000636,0,1,0.47346743244615197,1
18.797959695026652,6,4,0,0.5880835186765538,0.8905064333503291,0.5545703276977566,2,0.35377409479789207,55.75293644593139,1,1,0.158391552747716,0
196.46283885028274,4,2,0,0.3456661830581802,0.9124654469499323,0.7667903870905628,0,0.38915301299085886,74.56531936573688,0,1,0.376364317014397,0
136.7246129251049,8,1,0,0.5571118354810068,0.7012602209435052,0.7492718910136121,1,0.3591731013551795,57.00599021718571,1,1,0.15091890444417108,1
64.36473800959818,4,7,1,0.40626972711514686,0.7169572577228853,0.6752201199739417,2,0.34008382461163295,21.684233034483704,1,0,0.1880863647682072,0
128.37117618815802,6,5,0,0.8124186205036591,0.7982739819902521,0.45528510819775864,0,0.6049557173177116,39.112096905590164,0,0,0.2200985055924582,1
298.59605618980464,6,4,0,0.4775193675601715,0.9379722976015271,0.854057457690147,1,0.13529378538530565,126.06885011300152,0,0,0.10981219418386824,0
323.5522539415152,4,4,0,0.7261100346262457,0.6966338010625024,0.9056183592592366,0,0.6899683356338943,23.535908703968467,0,1,0.2643914224264217,1
209.69382447201394,6,3,0,0.8019442331597118,0.753874423498245,0.5606856112706309,1,0.42401247883277626,13.96286627950404,1,1,0.22406172160246518,1
126.1275809147293,5,5,0,0.8670500096385781,0.8509617189363929,0.8370232018180904,1,0.4161682113936341,35.162504172375385,1,0,0.6776183912268582,1
171.48630488705535,4,2,0,0.2947802916339895,0.5137476640075525,0.7603137681224879,2,0.2269160829502417,16.938015906822603,0,0,0.5397932167428248,0
97.2316011124301,6,3,2,0.5670565441433791,0.6962281841825867,0.9020363235069417,2,0.06759113164251798,14.571052225556997,1,1,0.3740024853958051,0
27.06233081153082,6,5,1,0.5257788240804505,0.9708811433315889,0.9410168042442212,1,0.44243287034387635,72.41774081936401,0,0,0.1410822543788334,0
97.42852442041105,7,5,0,0.43811734816449144,0.8496004217497338,0.6956696992698452,1,0.485103740713702,106.31532643396994,1,1,0.5210028556744798,0
151.14616533199776,6,3,2,0.6588953934420245,0.8367025892188287,0.7930799376832377,1,0.48467339625396283,33.49398304165902,0,0,0.3111642238962587,0
182.6760017536397,6,2,0,0.478168292413868,0.9022454710158309,0.8104228082509245,0,0.5953798539191547,72.63078331906505,1,0,0.28272457169814197,0
549.1534543489595,8,0,0,0.7635256878889102,0.6027558362501988,0.9034203827002774,4,0.06817801973986946,9.942440198727146,1,0,0.5034997454048462,1
300.41597914964615,6,3,0,0.8040128812059276,0.6817789252276272,0.7808827432235041,1,0.512670778785496,38.07761360182662,0,0,0.2699451009070458,1
32.973174269485995,7,2,1,0.7153819537108445,0.994294980263999,0.4709259160947817,0,0.4538781881574939,48.53524105965978,1,1,0.5868495232762484,1
38.276223792544364,3,0,0,0.7622894289866093,0.9493941732455868,0.8831490804692428,0,0.597510262141048,32.38308920721181,0,1,0.08314005789940673,1
21.182079860949344,2,1,0,0.45777222107845705,0.9930150332563306,0.6405585232979503,1,0.11621406987398605,5.966132748178679,1,1,0.26089641219419146,0
268.0209262460942,5,1,0,0.8091705292228684,0.9002392629442979,0.8854988004860587,1,0.36571061795601734,63.582520922956256,0,0,0.1552917797794794,1
244.91830227939292,9,2,2,0.8486440095644329,0.734120828877192,0.512565601865191,0,0.40228323680521205,87.68815701752708,0,1,0.21828975649830484,0
858.9922767146874,3,3,0,0.5834533667837167,0.9426382976204688,0.9435441048193131,1,0.8870602367113717,48.40694372467904,0,0,0.5569561443494209,1
147.63870772407512,2,1,0,0.8410087802366024,0.9756966123688676,0.7762172126789701,2,0.4468884768980484,8.895323871463011,1,1,0.23470003521656077,1
350.21749522540205,5,2,0,0.8928285586546945,0.6885966490493215,0.8298797075492523,2,0.2748746463395682,3.7189348643720797,0,0,0.09235126996471966,1
171.81195293679144,1,5,0,0.6761886805329735,0.826978722295984,0.8880729312211979,2,0.5893972539984368,17.23050577773225,1,1,0.051312760734661594,1
414.4323607215013,4,6,0,0.8118808826046559,0.9017020999078075,0.3872519142477258,0,0.10167055849638544,1.8091967600941192,0,1,0.2973162805077461,1
255.32378193830127,6,5,0,0.6194570722458363,0.913994396880402,0.47496783859743674,1,0.45184005350647977,87.73018336493237,1,0,0.39628766815874067,1
205.93893239749715,4,6,0,0.9560812266095258,0.3264302536461661,0.3520973758570631,0,0.5550652183987455,58.28287981481564,0,1,0.2024391142698523,1
166.53825798469063,5,1,1,0.7426164692554372,0.901260157708903,0.9160454407688728,2,0.48995623711731695,39.81116208927975,1,0,0.42837323043336534,1
256.7262737005553,5,1,1,0.782482107193261,0.7821198644907366,0.7632162531183488,0,0.4794533732827402,105.78910099686912,1,0,0.22068459212077168,1
108.82610609773207,1,7,1,0.3182561302289755,0.9145544603426358,0.6667167511510774,1,0.18714122399183486,5.598666129414699,1,0,0.3009291289037354,0
20.312786518546257,9,2,1,0.7072212200308002,0.903689591754393,0.718869353495072,4,0.5634643581320757,60.16186937535467,0,1,0.0841775614373445,0
8.161509091145506,3,2,2,0.6553584974784894,0.7381574684141652,0.8431951864526064,0,0.2118371917354461,7.611103127606604,0,1,0.29169944299116113,0
130.41015767595712,2,3,0,0.7641744691223512,0.9407049915290163,0.7337016022084472,2,0.5143691733086426,3.01729849034702,1,1,0.525142649991808,1
182.90425077490013,6,4,3,0.6097127706114974,0.921665740734672,0.6929741811293866,0,0.23702307497294015,6.845096007673924,1,1,0.3306966642033343,0
16.426267425421386,5,4,1,0.8340555475791532,0.7567280513882486,0.7926766198536548,1,0.354997562867215,144.70622827611777,1,1,0.07882196944897102,0
67.62771853971837,3,2,0,0.27909585403080744,0.8366405591998255,0.6625999620310181,0,0.39401715448004127,27.868449410117684,0,0,0.3486103724017943,0
77.73109872174841,4,1,0,0.4319683263869985,0.728973850543649,0.41856201084877126,1,0.7901116320957476,2.4113611641095187,0,1,0.10582614290817986,0
165.47086209818713,5,3,1,0.7030193718568477,0.9324176091639684,0.8346041422975553,0,0.3625761229198559,42.057223428902034,1,1,0.16142351327077642,1
65.27971702296583,8,2,0,0.5958459360888141,0.8515613431916462,0.8085034826304764,2,0.28993348925715023,10.693737496237208,0,1,0.5407004119957087,1
20.10745536313142,3,4,0,0.620548667041581,0.6780514232621442,0.6515118246222921,1,0.40125334566452886,0.3292745071091371,0,0,0.28208612073928196,0
36.03040022373173,6,5,1,0.5091548214728233,0.6312707475918978,0.6656570653022827,1,0.2512205891871295,68.17982480730794,0,0,0.36536706575203376,1
38.21946265480837,9,1,0,0.7292411414024728,0.882463915860592,0.24162269666188937,0,0.5821997487744228,8.076318142573374,0,0,0.19887688922573288,1
369.91366568950417,7,7,0,0.5351526153679328,0.792422616452461,0.7045918956663693,2,0.24213409121107635,137.0752845860353,0,0,0.3337967707578838,1
66.90434038421239,3,3,0,0.8684592182509777,0.9907053896270961,0.7320392624203178,2,0.15438198647580428,43.125623592600405,1,1,0.08001978527164526,1
250.83700957455025,4,1,1,0.6880409857945204,0.6915281464408767,0.7258652331074906,3,0.554288580940515,4.3687114976218435,1,0,0.21275907625412407,1
167.7912976048211,4,8,1,0.867456932593855,0.9039718387648789,0.5347664695135703,1,0.44782397560763654,11.792450297866594,0,1,0.6055129550633699,1
754.7894848011955,11,2,0,0.3988321570429887,0.8670574504852601,0.6935976928554314,0,0.4088239801451356,45.30127800101552,1,1,0.09120961518642147,0
63.7169818864623,4,3,0,0.8007867101458432,0.8280590285825198,0.9001531811992076,3,0.7252969305645233,19.807681037099954,0,1,0.12990676924545197,1
34.48367603130587,5,3,0,0.9589175923780765,0.9029922752979234,0.8738137674373133,0,0.8375963745159932,36.460449332364504,1,0,0.7015375104496628,1
10.688138140716685,7,6,0,0.530040487051493,0.4015174349540877,0.8623362458079066,2,0.23678903728125528,77.13605360714249,0,1,0.35852005520428964,0
55.14007142484667,13,2,0,0.32886012425805644,0.8340933376373059,0.6100644641800387,1,0.47578648965422626,75.5094362559601,0,0,0.23555291996395106,0
230.44748293179654,8,4,4,0.6860124943362498,0.9555831182271718,0.7029519106824206,3,0.4367547796347906,57.46965922279499,0,0,0.29528572176083984,0
17.822693250799805,6,1,0,0.4126693505305644,0.9854558847506107,0.765784174797784,2,0.03276541503394739,104.2575990551496,1,0,0.07561572807308786,0
56.12854012036963,5,4,0,0.650252569142208,0.998243155406604,0.9070099720497546,0,0.592491518403106,10.67254727641746,1,0,0.30377083406798044,1
386.6300956563519,4,2,0,0.5699938949608822,0.9473001331245687,0.3997651853757695,0,0.16569755546369724,9.36444221233766,1,0,0.2425310345409736,1
174.91124645763202,3,3,2,0.9582424159444324,0.899597775687353,0.852931255240897,1,0.3472431968611378,77.09715702598497,0,0,0.7550315053660903,0
14.411270456918116,9,7,1,0.8385170164011855,0.9039120028223203,0.74907532444131,3,0.1536477978606752,18.57461754766956,0,0,0.585322179490158,0
9.771493579305695,7,4,0,0.5602496628866833,0.8389525743273419,0.8173815515383113,2,0.10979009416094676,34.45505953777016,1,1,0.20916118758527844,0
12.614133195681324,9,4,0,0.5255154594040782,0.956032409836868,0.8085460468449369,3,0.2549811609846094,65.39476477946359,1,0,0.45391086594222907,0
569.0320555646845,6,5,2,0.8253590800512457,0.36403344528784104,0.9263224241321732,1,0.21034075939231303,24.195316770923334,0,1,0.11738459981248482,0
379.2526418193599,7,0,0,0.7778159267651046,0.9079922666615157,0.7739339730482553,1,0.5628772055432868,6.6935345608251975,0,0,0.3109547711398447,1
372.7886822350666,4,3,0,0.8503235023646847,0.9338231534122833,0.835317556497218,1,0.21451898463223598,54.61149483702904,0,1,0.15712161465365349,1
515.975629713205,6,1,0,0.73812714779873,0.9118846467715009,0.6452182064959375,0,0.3427179058669838,81.5587426576605,1,1,0.23266530367490915,1
140.74271789141278,4,5,1,0.8104651645886194,0.854830068013671,0.8271919397420516,3,0.0762714774187999,0.6182339613444012,0,1,0.2601702322182339,1
56.82957731498489,2,1,0,0.650692074863526,0.8790892836265631,0.761132006278053,4,0.024204542373961295,39.68628974485665,0,1,0.08049489584243279,1
102.61496501094445,4,4,0,0.3398053768291634,0.9079280924985769,0.8126417309438979,2,0.7904884164021706,30.420308868327638,0,0,0.22707246508506432,0
253.78340004283092,5,4,1,0.7917132308586428,0.8349305207135137,0.7715248963517001,1,0.2760411267289064,14.42684662214857,0,1,0.7319283658344476,1
417.54776828677313,3,1,1,0.6261202695580649,0.9796104289542322,0.8413517374445962,0,0.4559319076701138,8.427773861052147,1,0,0.12508430573606039,1
114.21809859964429,6,7,0,0.8164566020026772,0.8708425365018767,0.856666791029554,1,0.5848860590125078,9.99844270762012,0,0,0.17260009360943482,1
153.30749361137984,2,4,0,0.48292470737498927,0.9783545181094464,0.6848457258900721,2,0.39544578534818775,61.962560359651256,1,0,0.09953447778487169,0
537.0122759536569,2,1,2,0.7156548272999862,0.8683648674351904,0.6349149911496667,3,0.6967062790804842,36.87798542084134,0,1,0.24377562987984078,0
22.745447656250022,5,1,0,0.7133321148019919,0.7588782119879205,0.9020806018973158,1,0.07874426546541996,190.63079153599801,1,0,0.1362311893815517,0
396.53443736025395,6,1,1,0.4404479924649681,0.890744671629644,0.6247613275149141,1,0.9123231954387673,13.37745395699729,1,1,0.39966008844082596,0
34.70586018131676,4,5,0,0.7397505107194536,0.9697647528317492,0.5547210606778613,1,0.33969353323650747,150.92780139825112,1,0,0.4011856201861303,1
132.27596972140984,2,3,0,0.6902655230111047,0.7204948422540095,0.7212217378817382,0,0.15161805878039109,34.743950837084796,1,1,0.5671645570352665,1
49.288354024630785,5,1,1,0.9359110301454282,0.8591734169688516,0.5660699555223758,0,0.485478564200071,7.577038696675107,0,0,0.3161991505093721,1
184.7374188753051,7,4,2,0.7558305680776086,0.8924962646903795,0.6239225570259938,0,0.5231770943115097,7.698188075972315,1,1,0.3995848863323577,0
163.54871467051439,9,7,1,0.5318197443589765,0.9764826777271632,0.6463921989836733,1,0.5619955397224773,45.02128537318096,1,1,0.25539574997311837,1
95.60953576424117,5,1,1,0.7687734529832767,0.7793613601828306,0.8263033701361674,1,0.48434645676083155,85.45733555021314,0,0,0.23361161461551083,1
397.9984495381016,7,3,0,0.7134152649964158,0.8905032452555246,0.4888799818566352,0,0.2890176536281478,66.10474104622412,1,0,0.324620794431668,1
215.65215081456296,10,2,1,0.6048651596060931,0.9268730543368839,0.8157761172432926,1,0.32455066376620745,51.1694832801461,1,1,0.020679131043589757,1
255.45579649623278,5,1,1,0.886569657554091,0.9438347708052981,0.6633333951807164,1,0.37803200587518915,9.06588688154772,0,1,0.32439368085432857,1
32.65907869303445,6,3,0,0.538366200691099,0.9827170256060228,0.9373985780284989,1,0.6914176147598885,5.5041787898752075,1,1,0.40710759927753815,1
429.39967976117055,7,2,1,0.7692541464878935,0.8528248766504526,0.6820225888213515,0,0.17785537868423193,0.011906614629324443,0,1,0.09432785108512948,1
36.55397072159588,6,4,0,0.38860007657237416,0.8511780207948944,0.7684226404136993,1,0.7646080165477037,5.153072823918343,1,1,0.4408703768279445,0
50.407643112908914,9,1,0,0.5842416663509413,0.8011865432331424,0.6825996378623446,4,0.16467081973677392,69.79210035969854,1,1,0.24593709096083563,1
27.40581785871835,6,3,0,0.5910904344710315,0.45019095630468436,0.5975039241447325,1,0.6549711257802207,108.29585272661728,1,0,0.0742530510196769,0
116.09202877336963,4,1,0,0.3219150297840637,0.9234188784439087,0.44943626609616416,2,0.808531984763703,13.195107942136694,0,0,0.1463599916788735,0
437.3327253563351,7,1,1,0.6517188919297893,0.6738801209935104,0.5298563485838911,0,0.010091184814292201,76.04301756628918,1,1,0.3042112519341772,1
58.19015366039337,3,3,2,0.7746128482449257,0.8862705887703258,0.5803752865298442,4,0.654350127914296,10.64186605220523,0,0,0.39069798151093243,0
93.60221767023933,4,2,1,0.6415921858593839,0.8074247781946347,0.6863675095030437,2,0.0626864275145275,13.76214983029462,1,1,0.1007019277590031,1
374.24681375916157,3,7,1,0.722841853120587,0.8031328559276063,0.7969304170229259,0,0.6249708576888403,12.182712453193437,1,0,0.41027409574710316,1
192.3702452825648,5,6,0,0.8773927964746419,0.9438772644656614,0.6131438460112109,2,0.1596445872888464,2.5495637394655892,1,1,0.3737418264551511,1
278.55618561327935,2,1,0,0.767871006355634,0.7864491019236494,0.8045145168881171,3,0.5500666294304783,10.355882610115566,1,1,0.3542866204135513,1
48.15970988975058,3,2,0,0.7460717656040515,0.6654946781149305,0.7656697018301263,1,0.38498424848520346,22.448433233584296,0,0,0.326193100255535,1
252.10148020257796,3,2,0,0.5790835388726367,0.8963620057807751,0.8975238742624952,2,0.38224912580078235,24.95921389602539,0,0,0.4817023419128928,1
51.65328486582862,7,2,1,0.8852779590250138,0.8467300031392121,0.5202473561453548,0,0.1340887612345116,17.773952018165126,0,0,0.25009520197983043,1
873.4509706980481,4,1,0,0.9722357344249032,0.9141690478240961,0.871082260578888,2,0.22730816338172954,34.705926098295684,1,1,0.41958077322010573,1
164.14436989212783,7,2,0,0.46158277952742516,0.9339456364014629,0.5858595205796318,0,0.6700418065863658,22.79099254112831,0,0,0.15190837176651492,0
237.90832598320654,5,2,1,0.3467127851938016,0.9795348914840355,0.6121581493105669,0,0.15225248967864155,168.9017877289449,0,1,0.12396174998943167,0
25.203727495764117,3,2,0,0.7997987203066049,0.8666189403937123,0.8529751934334215,1,0.4718933967078456,79.0503631794005,1,0,0.39595319388434846,0
57.7114190455997,7,2,0,0.7012755503038167,0.9816996625534367,0.858868529816701,0,0.5854066588456875,128.31938441290492,0,0,0.4452307909182076,1
30.10427530963072,4,2,0,0.3804013908826781,0.8842560068568985,0.4523508410256118,0,0.6990366627928459,39.1271872730845,1,0,0.5803880627281857,0
98.9152444168783,4,0,0,0.6988810132524,0.7604835757938173,0.7200159983640999,1,0.24472362904200534,54.444433807540904,1,1,0.33187510056491953,1
66.8529769007927,5,1,2,0.4320799373122993,0.8939991103244624,0.8759142490834226,1,0.663232442824096,8.751993935196051,0,1,0.7531579861059793,0
264.0431001058235,3,4,0,0.6916525911936263,0.6024223324787547,0.6876354849449884,1,0.17915140526245021,67.07999705777847,0,0,0.2977456045157912,1
23.01685653002324,6,3,0,0.29197480913068163,0.970152495740122,0.6542283827148283,0,0.6400857852938812,12.919184540140638,1,1,0.1368668484008442,0
278.9131900776059,9,3,2,0.818714961742029,0.9171634369553865,0.5443806978442701,0,0.611076229917089,7.566166529083304,1,1,0.6915034239797648,0
9.356449451004787,3,5,0,0.810027621031019,0.7716417232807834,0.9526238664849273,3,0.4038893631472299,2.052513321018494,1,0,0.5022764992554667,0
45.13380686329525,2,4,1,0.7388452798271316,0.9976467419108704,0.557245030208568,2,0.3926324881363837,30.676568120519242,1,0,0.32086673251549763,1
314.00978111610243,2,0,0,0.670281000749359,0.5584561488925636,0.8534503379756923,1,0.6427606732425609,16.222960017471934,0,0,0.338441541948048,1
271.5620941577605,7,3,0,0.7441778035396495,0.9883034266113018,0.7087244610970644,2,0.39826235298725887,207.45774667159324,1,0,0.17584119194502712,1
129.37722864224554,5,2,0,0.7061204571778241,0.9807613557208111,0.8269061659996165,1,0.1482131239719696,13.798135977973411,0,1,0.08087207380696143,1
10.255019979572529,8,3,0,0.5893368377157895,0.7362005817461751,0.5929052478866822,2,0.052801483707995,96.67094644073104,1,0,0.2396821730637867,0
188.2672239419953,6,6,0,0.7129683468239012,0.5221148850988427,0.6828219528264707,2,0.7844849209673872,18.26107404149372,0,1,0.1209052585523479,1
104.41914670013936,4,2,0,0.4016316374912285,0.913621692563602,0.58311576531824,1,0.3710449080440985,66.37477705442952,1,0,0.26280662279329436,0
76.113961806545,4,4,1,0.6405888676681929,0.6669191042951969,0.5097973456997403,0,0.08727442206479705,51.760465688148955,1,0,0.3031935770487283,1
204.55851128575188,7,5,0,0.9145485465795639,0.876195918551592,0.8031130337436552,2,0.3383595877647967,39.60203151490214,0,0,0.401263812010504,1
114.7582541754647,2,6,1,0.6840625365229817,0.9201926883441774,0.9417571551768679,0,0.637827082831058,25.88485772089812,1,0,0.4353069023610248,1
19.394954994589487,2,2,0,0.44698063999930115,0.9445984819494765,0.7092710215322747,0,0.45192531698396154,53.376804822987665,0,0,0.12717258189245084,0
495.2698034296936,5,3,0,0.4335275386182848,0.5264048752047817,0.5938140410470611,2,0.43649080216684233,25.105458406415586,1,0,0.4392219605439088,0
301.4603072545727,6,1,1,0.9085889255063488,0.633508491054817,0.6330102511513103,2,0.3570647833315191,38.12615429294554,1,1,0.32108942112321626,1
11.605963895186031,6,5,0,0.943366862958864,0.820415581495523,0.3490402566225136,1,0.12301125782108348,42.77350403868895,1,1,0.11526690942700586,0
148.91498950957796,3,6,1,0.5596013023702023,0.6995923257678902,0.39812556526767895,1,0.389233456041518,14.932526678160556,0,1,0.19391349034164368,1
17.411925717717335,13,4,1,0.901506617705846,0.7818323417336303,0.27413753847362154,0,0.29762095368423463,19.92557984838837,1,1,0.1705252539038466,0
363.1569875236596,6,3,1,0.8030799318679065,0.7819471698253965,0.8279600239294567,1,0.42027058471291145,0.874317751056793,0,1,0.32550920544618545,1
189.87333233455416,4,4,0,0.806301211816892,0.989874119749629,0.6004331208589976,1,0.7538111485903263,91.75765739349796,1,1,0.24313807502872334,1
37.856940723557614,7,8,2,0.5613817064060559,0.8185826741366918,0.5251396393448882,2,0.3702462434295751,67.7048628163102,0,1,0.28870792685158364,0
4.191893167651446,4,2,0,0.5311951150845963,0.6622649967442528,0.9233785513301338,2,0.7261205575021868,9.732751902603368,0,0,0.25611969242442667,0
6.4180893322980825,9,5,0,0.6331280832332553,0.8528397279855449,0.6344586352761837,1,0.29859203074625806,21.575661070716272,1,1,0.09978782602981398,0
141.59754050033388,4,2,0,0.7467312250256414,0.8590533962924594,0.579498823175125,0,0.4098158765535786,26.235495062749536,1,0,0.49461340310521323,1
265.1328023970717,4,4,0,0.9631299744013521,0.7306955291872677,0.8958545578293899,0,0.4479509562033402,19.537650084793388,1,1,0.29630495279973584,1
25.757777240545888,8,4,0,0.3748554678274851,0.9672098652377474,0.8825495107891709,1,0.6233731361182351,76.8331352390064,1,1,0.19893163149341683,0
50.02179083807234,4,2,0,0.8059443498494715,0.8375318524464455,0.3794087277555155,1,0.35730127028223374,62.04072927053875,0,0,0.2385202932489877,1
79.2792544690168,7,3,0,0.3440998370457863,0.43067547544029894,0.7473047895425913,1,0.11087774077781656,69.95511853490879,0,0,0.34853962955565077,0
49.199746007286265,4,5,0,0.7295267207570997,0.9662105734594224,0.8698245174994169,0,0.5621896408021005,112.54860975259211,1,0,0.3413544739177041,1
99.29796242581102,2,2,0,0.6813422135922657,0.8750286300161217,0.3816382878352493,0,0.19454440732720485,43.40360414363309,0,0,0.41988358865549086,1
164.02118955003212,5,3,0,0.8865720430310643,0.8996669273884521,0.39900066046343347,2,0.45697186321972916,45.75855074882062,1,0,0.4194989963044393,1
230.99637221600656,4,1,0,0.7118443046788603,0.9550485038373885,0.4989331323006075,4,0.49092454140004504,61.43506625666579,1,1,0.05855877159066766,1
663.6021641326446,5,5,0,0.8617614232861169,0.7497233308806913,0.3984472705048832,0,0.42123320097955147,54.878091791175244,1,0,0.14924302204481907,1
534.2771360699511,2,1,0,0.22285819552166242,0.8163681141494208,0.6996449854610785,1,0.11284159471759965,97.86161001168054,1,0,0.3133118705936347,0
168.85308084021906,4,3,0,0.2362625417223898,0.6619119785053755,0.4392391229423961,1,0.4284371107003335,70.58582909438245,1,0,0.5849173510256012,0
264.9646502787,3,2,1,0.7979393437957022,0.9913948601189865,0.48445886747121353,0,0.6729443690235222,6.161023797501817,0,1,0.14334872778558888,1
602.666061422493,4,5,2,0.3807272772946236,0.4651548671050731,0.5797237409511172,0,0.6319601968756313,126.53195402169158,1,0,0.33929159298896644,0
17.432520130067655,6,6,0,0.5082143455497462,0.9786310429547287,0.8331894195391006,3,0.20446134909733188,55.16000509362398,0,0,0.16590481343721883,0
1.1301390018917061,9,1,0,0.6993956637712876,0.797860522489441,0.7944751398544533,1,0.5044136568147406,6.5273707946238275,1,0,0.33075190649110203,0
6.050559928702638,6,6,3,0.7401268703599421,0.8035146827865068,0.798699358125548,1,0.5816396846232503,70.95813419681646,1,1,0.16746821745988194,0
165.72437197062783,8,2,1,0.9299367670746536,0.921755749588551,0.7941148017405608,3,0.24712823407935058,21.302868072758045,1,0,0.4542237067104518,1
287.79850758068244,4,4,1,0.500664565885885,0.9352476102554264,0.5002742514001108,2,0.27716391369919735,78.70959700405967,1,1,0.3625675654282403,1
91.48065388976559,5,2,0,0.4857790190536302,0.8024020726370038,0.8559703055375022,1,0.4574796761510781,149.28742462735366,0,1,0.38737062051456017,0
157.59673139603947,5,4,0,0.905394161564695,0.6315852194866545,0.3871799197185042,2,0.2602370751317321,14.1454077154016,0,0,0.2733362525663224,1
145.28550306624618,6,2,0,0.8780870299246423,0.9379930252734018,0.6320043506639579,0,0.3668818378825572,93.49388332935796,1,1,0.05119358502055395,1
19.91344177191006,3,2,2,0.6348944192558083,0.8184846761339726,0.49011536675010253,0,0.4276429153062045,71.29350339050197,1,1,0.2696175670729199,0
77.60017909120643,2,3,0,0.6434556789747032,0.9993878557765631,0.632557318633613,1,0.7363409671464232,53.38846525872332,1,1,0.32028499682138006,1
3.925300218651609,2,3,1,0.8671772085278341,0.3656054360722277,0.30837883827137014,0,0.2604657552328138,23.32818353686894,1,1,0.1659366497071913,0
23.46540790914784,5,4,1,0.9206390078005504,0.7748472785754614,0.7395445990746702,0,0.05970538476869036,5.586186207383488,0,1,0.22797884616574082,0
334.1118933818627,3,1,0,0.856775332808609,0.9151558692807338,0.9478708217482289,0,0.47588759596336083,31.749532204582827,0,1,0.4635972165591466,1
353.7025526797224,4,1,0,0.37540571573016596,0.9930592198017906,0.7482751523967242,2,0.15707674045507014,5.3604804468932326,1,0,0.3406572997478953,0
323.84343482960605,10,2,0,0.47357620650790183,0.9868400741983431,0.22941513330919314,0,0.44176958123246773,33.28520052847752,0,1,0.08646812868483035,0
259.5238771005991,4,1,0,0.407986469752485,0.8333462526993115,0.8011877411702978,2,0.34688896232529837,82.38859386729231,0,1,0.05673981695175563,0
315.30979284022783,6,3,1,0.8911775592023139,0.8704104034956308,0.8115031181496516,0,0.4579411991830205,290.31856627992465,1,0,0.4196445373783278,1
222.32877114086574,7,2,0,0.32198638724997347,0.9300984231973274,0.42936015223910234,3,0.42749372255798224,10.59156160250284,0,1,0.24992731710979918,0
221.631543623654,7,2,0,0.6595777716809358,0.9814684050936588,0.5240552555889684,4,0.3958453403419223,11.184703860880987,1,0,0.10286140876696687,1
220.1399717204372,6,2,1,0.9338740152599279,0.7401352810747439,0.40845798122714033,1,0.27023380704901456,79.93877582087929,0,0,0.1041985380627886,1
144.32694071263109,3,0,0,0.9434728108807218,0.962243691134476,0.601537420930324,3,0.3176184409127452,30.388976758828715,0,1,0.23838925029264205,1
90.30617590304045,1,4,1,0.665839348944533,0.989779956592277,0.5235289887069942,0,0.38459413238732193,118.78151730841634,1,1,0.3395024407833238,1
262.0113579261172,6,5,0,0.6666272337548864,0.8459759430555731,0.8044558540194848,0,0.23895973246349544,70.33542149115712,0,1,0.17577146100737287,1
70.94850918367224,6,5,1,0.5577830569633355,0.9691511786929258,0.6411388139936836,0,0.5668396754967662,64.00453492431598,0,0,0.20109196543707547,1
156.57155133995258,5,5,1,0.4468296094041136,0.741105050678354,0.5329569340616368,0,0.41199281715423636,5.161615806058517,0,1,0.17708340906973608,0
113.60467363512743,5,3,0,0.6284315355683491,0.6809633953114448,0.7469515579930601,2,0.5039054431806956,1.753675724750885,0,0,0.23401418403589805,1
64.76475098509209,3,2,0,0.32055676306480346,0.6715962700710082,0.722186013282024,3,0.5488644110792257,18.283834421566596,0,1,0.17413480810632362,0
735.3105123001792,7,3,1,0.3715582186886643,0.9325751745350402,0.672784701606962,0,0.16179701506083913,11.760177789459956,1,1,0.0764895289535264,0
59.883909633843466,9,3,0,0.6499368055115903,0.9176801557553356,0.7104162569920742,1,0.29703187821584126,59.80165895966786,1,1,0.18935305165983093,1
74.00793211004894,2,5,0,0.4808216561174994,0.6974245022182327,0.6268623726447885,3,0.18282619094183875,28.760252895489053,0,0,0.15277258513600916,0
35.24901165445177,10,1,0,0.7538762838608716,0.840271149513031,0.5305740314279307,2,0.700268801864129,35.546193611359406,1,0,0.28930326983471366,1
346.29921817951947,6,1,2,0.44323999686020016,0.9912056598519952,0.5834457487620361,0,0.16254357965141938,80.66974527461667,0,1,0.36506645080439476,0
176.6627984757619,6,3,0,0.8096796140747023,0.3959368888149183,0.5037158555465793,1,0.6349247276772584,31.250639139867417,0,0,0.059246207554982784,1
189.8864058021339,4,0,0,0.5632679375103455,0.8402377826570036,0.9227143072163855,1,0.4940145444919053,37.79020516055902,1,1,0.16292340142994863,1
343.58445132141503,5,2,2,0.8170099445103769,0.7930728589335249,0.48644687414031584,1,0.6468648710401408,88.66508667300921,0,0,0.41112359503443346,0
83.98979655666172,5,2,0,0.7195315214895845,0.9553705900352342,0.9043073393437988,2,0.40005658593352794,27.094329293147723,1,0,0.41673412129752896,1
43.043366529677215,8,1,0,0.7582166677421754,0.9914173750596686,0.9244534621769525,0,0.46488884183733786,4.165727656403712,0,1,0.25378564792053965,1
44.23044805661745,1,5,0,0.9072553323130308,0.7017770834642518,0.9353375784447233,0,0.346889059698201,35.401344971970005,0,1,0.1115060025043615,1
263.81674873940693,3,1,0,0.9480696578063796,0.8069992981781406,0.6152431073247301,0,0.27122778954820004,41.56713225530362,1,0,0.3139807382645968,1
190.44325632975296,4,4,1,0.4217484506030744,0.9540609405435837,0.8013447703331396,1,0.6406075057720075,34.41713160904707,0,0,0.2624392540085973,0
46.21974161229736,4,1,0,0.8271152326026494,0.7100526592081449,0.23223812698326685,1,0.08150789705908648,14.326693096172574,1,0,0.05610979059545342,1
31.34605958601205,3,5,0,0.6212790649952722,0.8795539907943282,0.9293209157647092,0,0.5570445175591644,12.153765213801284,1,1,0.12592627112207203,1
25.722941052954233,11,3,1,0.5616281555962226,0.860290061820927,0.5127857362718626,2,0.21968764917587041,22.15914351027704,0,1,0.1755565296716283,0
197.66406030541225,7,3,0,0.5209494832745004,0.7530227888511731,0.91848428557117,0,0.2828711019344176,8.726216689554624,0,0,0.6418134233045636,1
0.023730389942839738,5,1,0,0.9119880751540886,0.9665801904756106,0.8788137297257008,0,0.16381238150292443,52.640888858309985,1,1,0.3158144029392906,0
3.6978439298710177,4,4,0,0.5515206386208099,0.9353999003539527,0.689276104354609,1,0.5587787726951965,45.77605865995925,0,0,0.14062170783433395,0
98.71280509236631,5,4,1,0.5864306345486664,0.5986885767866063,0.8955368123067927,0,0.21609048376710957,48.03590216118627,0,1,0.5926790016806365,1
235.10937808170564,6,5,0,0.4514951739580813,0.8455810494182457,0.49414129495982295,2,0.5646111364219505,12.222287260185801,1,1,0.1545340871983026,0
237.51452279588935,4,0,0,0.5868371630560733,0.9774111301850742,0.5167997163924761,1,0.3410967554349938,13.587108843258541,0,0,0.2786132667485049,1
112.46528744829796,8,4,0,0.918627031124596,0.8741561714494277,0.5576723688989859,2,0.559094930097901,74.31825581971565,0,1,0.5336352729169697,1
234.93044790739143,6,1,0,0.5834514554914998,0.7305819540621101,0.4487403457860591,2,0.6544793247151113,56.23409295165557,1,0,0.3650599898024096,1
147.2510988351148,7,4,1,0.7748744395716763,0.9403304613620022,0.21095146663926911,3,0.42782085740702364,99.8823058117058,0,1,0.3133258952220191,1
753.8567243313104,5,4,1,0.5532542905988478,0.9240697766959056,0.6284516749466976,1,0.6652538922841724,24.800909905621026,0,0,0.4557345581620975,1
35.4573021089631,5,1,1,0.12301445252239367,0.823334568484279,0.8806912393551551,1,0.2329270329954843,38.044181119438996,0,1,0.29271035815223884,0
183.5920588163684,5,3,0,0.744707699448618,0.7021999621189488,0.8160894203294052,0,0.48538224936673197,64.4344095712918,0,1,0.16353759490702846,1
135.15529609118514,1,1,0,0.3876743923275332,0.9626588062434472,0.34226496927225764,2,0.21723057400025522,175.47057226253884,0,1,0.08169056623136259,0
43.25005906216309,5,2,0,0.7897507320873152,0.8751027066538793,0.44493158045122944,1,0.7228944828825643,219.31262824257402,0,0,0.7295733618131393,1
277.25121808380743,5,3,0,0.7730510011525986,0.6380920880415762,0.741062607390658,1,0.7406860094999588,340.8301089759065,1,0,0.23181788705813522,1
64.45691737840956,4,1,2,0.6507227199537818,0.90189403799461,0.5268642491048099,3,0.8987259575242453,106.17948544561003,0,1,0.4957665176145425,0
96.15947666709387,8,2,0,0.8194684763161719,0.8493087438262238,0.6172608279436698,1,0.37024096215775965,48.99272499768075,0,1,0.481080290382982,1
93.946515464735,4,1,0,0.5593067675829163,0.9838627916061109,0.8425246182323494,0,0.32039331529932147,0.33577734606660126,0,0,0.22014060635474886,1
55.99688131305493,5,2,1,0.24718720517794956,0.9504309091064214,0.5904535255767839,1,0.29639499036493316,57.71775218305933,1,0,0.3294862471466778,0
112.67142168542487,8,5,0,0.911907918823715,0.7258043286455576,0.7947885616157833,0,0.5446288944330481,13.084598378047888,0,1,0.4068121531179458,1
128.2422532918308,4,0,1,0.8129889702809961,0.9785817886056306,0.4783195169338154,0,0.4643580475364838,2.8255806073694654,1,1,0.3086340412057701,1
272.6888238060093,9,3,1,0.7828958910772317,0.455334819107123,0.7738791396936394,0,0.22961958319116565,57.342304088545475,1,0,0.6883149020651148,1
289.692322656265,8,2,1,0.9069937907252877,0.849784977855892,0.5585633562818497,2,0.6189758153470829,67.7103282336353,1,0,0.1528250388085998,1
34.52715554273878,5,2,0,0.8825607053931798,0.999844775295076,0.5350131926831463,1,0.5787576873958171,51.70290029465549,1,0,0.4086554198213431,1
179.67655777356993,5,3,2,0.8621359813127727,0.5949954918849011,0.6904947537220192,1,0.5157955593571606,21.811089212611066,1,1,0.38033953269477055,0
453.0536194588284,6,2,0,0.621083662023138,0.5402044292992023,0.809138092249117,4,0.09799169416500536,34.339258715638444,0,1,0.1933093000685303,1
23.0342767969148,9,3,0,0.5379832068659175,0.8556418400749787,0.3395841457047212,2,0.48514398174159945,131.16300455964304,0,0,0.31211076217328937,0
128.07832807797988,5,0,1,0.8318352351569902,0.920840071694954,0.7686717472240031,2,0.2722664416274754,62.77888753363895,0,0,0.7421806759720302,1
277.54156985142106,6,1,1,0.8192199300308214,0.8532730485445206,0.39278792181613903,3,0.1862660617112493,33.72287076817649,0,1,0.5789268266042358,1
189.08796082020822,7,7,0,0.3749466516096743,0.9712153215236135,0.3013677615533343,1,0.4069555230937972,43.20222097755925,1,1,0.20656077748252535,0
21.202291405200103,8,2,1,0.407443116705906,0.8724178441319302,0.823368087609206,1,0.36287580003862596,126.0818073615118,1,1,0.3616951622510908,0
101.03702074048499,7,3,1,0.6542563453487711,0.9296459268446098,0.8221887551866218,1,0.47014713045922146,24.024791191214344,1,1,0.24818292208040313,1
141.54640411549215,3,1,0,0.5742502216320724,0.9341991370771456,0.7329514945224123,1,0.5555796399626796,5.155737101541833,1,0,0.19965116152860188,1
1096.7175357111953,4,1,0,0.3384892988042574,0.9508879937936775,0.5768260486313588,0,0.2555844461778265,18.924835184038507,1,1,0.48699755874097345,0
39.35094131656026,2,3,0,0.6485901091047006,0.8100322413202654,0.5479477375420017,1,0.26484240528379877,25.751315411651902,1,1,0.25806966281514204,1
808.2415392767198,5,5,0,0.7096047108373674,0.9860227810353462,0.608075501084533,0,0.5623369467255599,15.301397045043883,0,1,0.39053998901945525,1
94.36899565117545,5,1,0,0.6881226569891293,0.8830240251926521,0.8351278372019381,2,0.2433676259647638,36.136252756914885,0,0,0.37819614955438147,1
44.70884783422902,3,0,1,0.6871656709658784,0.9043041026369564,0.8002680842703198,4,0.6441310196697407,17.454669990295038,0,0,0.2606204718177642,1
106.92433074037966,3,3,0,0.8782792081611502,0.9735215351137153,0.8932739009037802,1,0.6512652800528492,5.227182894561328,0,0,0.32660853892524966,1
190.38105551258744,6,6,0,0.5117378971902644,0.8539267800027178,0.48837125407868265,1,0.722164940049293,10.000287299638847,1,1,0.7891651753690153,1
48.03184859245411,7,5,0,0.8388593053712525,0.9975871873105326,0.681833496323612,2,0.4607018560945657,120.14118249469655,1,1,0.49660298622269233,1
68.90384874678873,4,4,0,0.8070459987075856,0.9043583165335266,0.3630046327142874,2,0.49729911853190695,47.67167883821277,1,1,0.07811638852757996,1
385.5797686017337,7,3,0,0.716958132776103,0.8218344024365277,0.6984479217898368,1,0.16877374340374987,18.111733015202063,0,1,0.35257874330546474,1
1383.452398760793,5,7,0,0.6651283657038496,0.918861278514686,0.5753284116780889,2,0.49290090727554414,21.94344888727707,0,0,0.32151679369288955,1
76.59577330867738,2,2,0,0.4732186926085349,0.8009695530716504,0.5863730630319122,0,0.39005461677884057,32.64001551701364,0,1,0.5154346726992027,0
32.23497931706255,5,4,0,0.6526360502676207,0.9614303677373696,0.45079711599335276,0,0.815105103129834,53.67325647965379,0,0,0.39776324748648,1
315.1724087517143,3,2,1,0.9412273762159765,0.3422366741837636,0.8163543425415677,1,0.23675048021012923,41.88980628317215,0,1,0.4438399881168226,1
183.48611989286238,4,4,0,0.45630583224401317,0.7925102990869074,0.9334680020229008,0,0.451313382413758,129.53122444313516,0,1,0.3506805319257126,0
21.16126597599994,4,4,1,0.5425580312578712,0.7028863376860994,0.5810853429605517,1,0.4682225896682988,47.17574977324723,1,1,0.04555354826738749,0
586.6321926064834,3,3,0,0.7195485433664236,0.8550635848848831,0.7540749257156065,2,0.784592415326018,116.00564777738177,0,1,0.28833727296973144,1
16.25275506129818,3,6,1,0.6625638752301137,0.4914722766115231,0.6752344502678249,0,0.4792766263259369,0.2613578913368433,0,1,0.2026046365123495,0
196.35602185773678,7,2,2,0.7163387627914857,0.9525138817508585,0.4506530460900833,2,0.04638452617261583,106.19395199255644,0,1,0.2750437994497444,0
110.30773869569161,2,7,2,0.7848224934178156,0.7509925542028297,0.4709774813671512,1,0.2920210262847341,61.353049629996775,1,0,0.10843978653709878,0
162.66738521206798,1,0,1,0.5767431062576754,0.9419893624110932,0.8055762282358516,1,0.24650059200245603,9.070838022095822,0,0,0.3728109319347832,1
47.95984698053532,4,0,1,0.6541897950543443,0.7630694046673071,0.7559368393910879,2,0.5966162120493896,14.650510781569727,0,0,0.21071222976086823,1
233.02119950844306,3,4,0,0.6784875448533056,0.6989298162346897,0.9376412557237233,0,0.21785912058506735,37.5674984514158,1,0,0.2620030987672861,1
642.3784987037101,5,6,0,0.2174496404687014,0.9603511615229459,0.6791988023822031,0,0.04905143123792771,6.406114345095755,0,0,0.08406118431131761,0
122.65506637451753,4,5,0,0.823946671188597,0.6757217407698739,0.7466525113197225,2,0.375475687438495,73.86391675684595,0,1,0.2856965918932452,1
148.0302647017018,5,1,1,0.8371219550823895,0.6920370421724127,0.8612145435137425,2,0.2362250057707205,75.18015691371586,1,1,0.2649054430003928,1
54.83781490330496,4,2,0,0.8755878200102931,0.8045112106674851,0.8162434728232988,1,0.14392520436550402,17.18551496675807,1,0,0.3617763885917442,1
444.8804851343915,7,3,0,0.5370311906654874,0.9966368236239432,0.5162977122396185,0,0.6440567319272172,3.4739492805518317,0,1,0.12825219281832206,1
709.2983152182819,4,6,0,0.4203938954837436,0.9783725772066673,0.6952881087654853,1,0.563497048429944,215.8122209091104,1,1,0.2534292366438552,0
308.6335081313656,10,5,1,0.4810070697077194,0.8723239908633876,0.8731664835746249,2,0.264800488090445,13.85541043132362,1,1,0.07131822982667979,0
156.51527839201594,4,3,1,0.5244996884726475,0.7699809904549811,0.6950613670011621,0,0.08368834261231278,3.3575532622712787,0,1,0.15325737841761378,1
628.3682559377802,7,4,0,0.7983251689726016,0.864447896939148,0.751779907567835,1,0.6217510141808459,19.22041288978387,1,0,0.16558989442917812,1
33.411739112479246,3,4,0,0.6015071332078288,0.9044885040073811,0.4538674591132826,0,0.32070112738208445,166.74591895022476,1,1,0.7121418571107084,1
130.20569562554476,4,2,2,0.3489156815514652,0.9124506388599088,0.8408338713815203,2,0.3228625342195597,75.58496879981735,0,0,0.11461081083257249,0
154.26746064729744,5,1,0,0.7367496427460792,0.966078922694777,0.37099685842071,3,0.11385431516406046,31.41922611529268,1,0,0.14977287255373709,1
135.4218633780815,7,5,0,0.9300823331985223,0.5543084691272051,0.8311668968739084,0,0.31730017763021545,17.48731072377562,0,1,0.2970914723567255,1
324.3206088803968,2,1,1,0.9834746093701068,0.7904498798059456,0.7146904436171245,0,0.10247184332823263,26.421295359420498,1,1,0.4653422444219702,1
221.97685045456015,3,2,1,0.45681035215642113,0.5289567057566539,0.4954389841211218,0,0.2101243587289683,0.8408716357017871,1,1,0.31343224585605234,0
27.08571615385244,8,4,0,0.7319557016751055,0.8214744152020083,0.8873675634493409,0,0.833207997959348,60.82381611671384,0,0,0.14648697594697038,0
85.06764762489696,2,1,1,0.4069193559796923,0.5604587606983255,0.7372293752249187,2,0.38290316781698663,5.038336316100466,1,1,0.2173127223819365,0
82.8235413372732,10,5,1,0.895260619307429,0.7464078552570418,0.7028389942528579,4,0.24253606496887312,35.134374447739035,1,0,0.3838735623014596,1
166.77272434958616,3,3,0,0.8647956895870198,0.5997992226375092,0.7036387885161556,0,0.5682185104705166,40.048981802140645,1,1,0.258077745091448,1
68.90930618004666,8,4,0,0.6165402183286544,0.6287704882009207,0.8066162768619475,0,0.5853480267607011,0.08117777189870576,1,0,0.11738091447393163,1
24.94758110827007,4,2,1,0.4262112539563008,0.9587720026293453,0.6133842491579923,0,0.5319484344199461,187.4866869457055,1,0,0.29981148608853897,0
212.07995459414204,10,3,0,0.7959368001361424,0.7293939401084905,0.9203805736228889,0,0.6074823758407923,17.267298741997877,0,0,0.8655896839848016,1
380.81138268047476,4,2,0,0.8326638129483486,0.9363337726850227,0.8741856012458064,4,0.30210220862883475,3.857713575356224,1,0,0.03082944937137728,1
536.500163224616,8,2,0,0.6492353124175082,0.8807291481252851,0.49868112968790185,0,0.23537933080853227,92.4870510203732,0,0,0.26664472401921935,1
719.2849797962207,4,5,0,0.7806433538365319,0.8894365235923689,0.4386932939074216,1,0.3609558711307991,7.91130015855444,1,0,0.07983422665500321,1
303.8434471768919,5,1,0,0.8421043346176105,0.988930765784299,0.6357615774978754,1,0.40881312467454745,1.2130461558805299,1,0,0.2353511318102035,1
30.095387193884328,6,2,0,0.48193256909199866,0.642428638516524,0.754265917109509,2,0.16452548567579584,32.76405703489432,0,1,0.5792122782080813,0
383.6167381565492,5,4,0,0.9043220719049878,0.8734959834025809,0.6090896580959513,0,0.065649191666744,6.679999356580611,1,0,0.15237764277390953,1
102.15181632348505,5,3,0,0.3950942499262013,0.47166227900533875,0.839065399143468,1,0.19875062228788393,193.9760555903354,1,1,0.4274978679377087,0
261.800981296338,2,1,0,0.8187600871406899,0.8520207797595977,0.39667329037031224,0,0.7063602701306901,0.5023468818995382,1,1,0.06030333775000751,1
151.54482260366763,6,2,0,0.7564710216991773,0.8981768129206698,0.6916030563640652,2,0.33457761753423204,2.5226136775651655,1,1,0.10176275019302124,1
352.758211808189,5,2,0,0.500687141625322,0.9668611393298704,0.7947248496662378,0,0.2186075323007078,85.9902389510834,0,0,0.2491163437905365,1
110.8530321152684,5,0,0,0.49095677296165413,0.8875381844936769,0.8919677039547163,1,0.5043277106235815,13.157288799469722,0,0,0.23544987638505632,0
12.757107231590373,3,3,1,0.8797668287159659,0.8573043961226388,0.6351472212316684,0,0.5223883729562763,116.44063601217442,1,1,0.25699511754545973,0
162.75752885275082,5,5,0,0.5838205128690387,0.8660731460339772,0.5637540303736476,0,0.5788607374897751,17.890221324689612,0,0,0.12112241480700443,1
37.577134684339754,7,3,0,0.326519798146423,0.7440248091666747,0.8379341495892931,0,0.1512747540959649,3.4721765724349662,0,0,0.1844887479508984,0
673.4614336571019,4,6,1,0.8386357746253111,0.5325376406042123,0.9408259520847639,1,0.35679359695637214,0.5111179873403999,1,1,0.3376450122553413,1
149.71636172062765,4,2,1,0.688481903943332,0.8500919015610178,0.8043259220726966,2,0.5040691608765845,15.939652880544337,1,1,0.3167508529144865,1
161.2895128925801,7,2,0,0.3484828824841684,0.983646618973656,0.7122203105874688,0,0.5395984902875965,30.81321520776281,0,1,0.4633708432063991,0
475.6034004497006,5,0,0,0.9268485724353552,0.6018597883122389,0.7333255638880452,2,0.727153881127314,0.04879812080394613,0,1,0.299716868006273,1
195.94477025264368,5,4,0,0.37844217443780026,0.9290374281258755,0.5291951691040407,1,0.5810599606028681,41.76673176589259,0,1,0.1454759795829117,0
72.11633511152596,3,3,0,0.766965961181232,0.7103194667425109,0.7172912426120355,0,0.4808725219868565,19.48596323320398,0,1,0.23037099986699763,1
70.22226617622556,7,5,0,0.4875737677135672,0.9395332947527566,0.8906323548159014,1,0.1802075815675814,23.73830596669211,0,1,0.2968093981782367,0
139.26189503200865,9,3,0,0.6256948321407705,0.8040688544519401,0.5133071768396376,1,0.6249740380865875,14.54465277980044,0,0,0.1394840134344975,1
402.89296670578193,8,1,0,0.5900070921036971,0.6667499835487793,0.9524064858106941,1,0.7596288626528073,36.14367202337935,1,0,0.2803349084374093,1
316.6851763135292,7,3,0,0.7405947789249205,0.7457768130915042,0.35676713452136416,0,0.19865148729784285,12.553153254009736,1,0,0.6253361336734726,1
657.9701285559086,5,3,0,0.38684952095142283,0.8762606858145991,0.7879048688276217,1,0.11805962452540328,6.951365397872507,0,1,0.5106122729181594,0
14.920168256149285,7,5,0,0.9022312017416348,0.9568912298669322,0.3767060126202331,1,0.526339818459083,106.23239268951322,1,0,0.3716520880971795,0
62.4840627335437,3,2,1,0.6376513622663098,0.9238690393012574,0.4842474668553904,0,0.6480833527014083,23.769914121039044,1,1,0.2564520666340769,1
16.721480758307177,7,6,0,0.8363263334682505,0.7016722322001859,0.3706995669452773,1,0.4790318239208925,3.8424281813113716,0,1,0.6430291009660315,0
278.12409618126134,13,6,0,0.7271341259499661,0.7694235789091598,0.9680448178894638,1,0.6542138640017324,12.5656326615224,0,1,0.04049608298245206,1
30.358553180254823,6,5,0,0.8846293775286957,0.9804064669362763,0.7809801809170082,3,0.5227771688574708,17.807088050016674,0,0,0.2289259724630886,1
21.046842059738296,5,2,0,0.9030168474396096,0.7688239319571255,0.5923289864073188,1,0.15859625444258313,70.47068955835513,1,1,0.05793596940603918,0
164.9576525778236,3,2,0,0.8628654722620881,0.8362650478750118,0.5664948358192239,0,0.17694294913332598,1.0803304764943813,0,1,0.03475588858233038,1
106.03047498235165,8,4,0,0.7529057193582703,0.9612122034878401,0.9862831029293123,1,0.5929133011490345,31.227156126181676,1,1,0.23087639726482448,1
251.1243473100547,2,0,1,0.25628616383743436,0.9957384417246941,0.5731206110883486,0,0.6579466042423089,25.139007770632507,1,0,0.43111487919087904,0
133.50188751516964,7,3,0,0.7578575644671656,0.9047856642663945,0.7085951577590697,0,0.5643051234643046,165.8213216849282,0,0,0.43386650633787793,1
110.79346270823575,3,1,1,0.5796096623241596,0.6134222332567361,0.5441331537939723,0,0.7667735480209336,9.530036223299764,1,1,0.3252835811994481,1
110.85119256047426,6,3,1,0.9379797991019116,0.9886667476251225,0.8414389402958466,0,0.22107672755212837,47.448673368426995,0,1,0.24265793531432323,1
410.9519405984443,2,4,0,0.7516360414375458,0.6518536441621324,0.5537294665995823,0,0.5872219376557958,10.842884887072525,0,1,0.2985562255556408,1
100.57997338501283,6,3,2,0.6043172002218272,0.511209200167476,0.5620032163893058,0,0.6974938007318768,38.16034960953985,1,0,0.4238442305954975,0
81.1121608682706,1,1,0,0.7638032675358073,0.8042376276292005,0.6186114032191884,0,0.13381409148385506,38.87150891755339,0,1,0.3055547925448601,1
82.65966466449348,7,2,0,0.6952968961781499,0.7654213821565377,0.49036763071394635,2,0.20218795415504437,3.760149831895808,0,1,0.5616142834172196,1
43.78070977217906,3,2,0,0.6764431313664104,0.9769073599863402,0.5369995307351233,1,0.501776022078513,29.262526144491627,0,0,0.2855408884468722,1
394.209072489469,6,2,1,0.5340193798580232,0.9846553689648924,0.5227895555024219,1,0.6284401580390108,29.679810008651366,0,0,0.4228968567286438,1
31.71260348392679,0,1,0,0.5436730296965532,0.928375743795963,0.855346047031306,1,0.6689112142466078,18.45089708250169,0,0,0.5857318634743929,1
478.52545776392634,5,2,1,0.7961556551756789,0.9390458889608335,0.7958757800884457,0,0.38657147120862184,15.579138267809682,0,0,0.046984649317704956,1
66.6663966116008,5,1,0,0.7208412111428419,0.6435944389352771,0.6352479038836529,0,0.5514516521052905,12.191367350594685,1,0,0.12760038216825736,1
459.37393577457885,5,2,1,0.536180336197241,0.6204030639343776,0.63831474199748,1,0.2764598801221743,0.2860219322150237,0,0,0.25158922937961936,1
312.91265872203223,5,1,0,0.6049553431753437,0.7761448970452574,0.36501764460591507,0,0.2218743823007388,0.08726092481332287,1,1,0.7817376559806247,1
174.44879854345265,5,4,0,0.4348579462682241,0.7298274470782696,0.28680431098055026,0,0.2116728049062369,42.771804280559074,0,0,0.39490178830570655,0
221.41157282142836,2,0,0,0.9001194148892124,0.7738857144617747,0.886478080647108,1,0.2849021861977346,16.538605639486477,0,0,0.3141631933715457,1
78.85877511383073,6,5,1,0.8232273715825779,0.844535646379575,0.7816404855957282,1,0.3857782465812048,8.821872956704023,1,1,0.19719985111673424,1
170.77054602280708,5,1,0,0.6631901727451789,0.8166500083091145,0.6355511553240486,1,0.05772697102322723,55.40843404109657,1,1,0.40830968853883015,1
69.17608321851073,7,4,1,0.33504838262785325,0.7258495127586762,0.5582063228462384,1,0.2910874371524887,36.129340460097346,0,1,0.19515949945434707,0
102.92416792927035,4,3,0,0.7573056312818971,0.9728546450669386,0.7968122729592919,3,0.29176560467006374,118.30143756977836,0,0,0.5059723156426473,1
289.346971922471,9,1,0,0.9727640993368032,0.8805708220017605,0.8887433799101888,2,0.3546715936660051,85.34192584523156,1,0,0.13910637718915084,1
55.9249410943133,4,4,1,0.8587201613267256,0.9674737276552741,0.9676021493099242,0,0.43085466409149814,62.2700160713018,1,0,0.37485359497260945,1
365.07898954195093,2,3,0,0.9295209286448862,0.8790033629022501,0.6754482373834154,1,0.3087493514657092,6.496367040441316,1,0,0.20855975905129137,1
94.2834387442808,5,1,0,0.7641291106616294,0.8252940170977111,0.6123385288074558,0,0.6035325688860266,52.650240326945294,1,0,0.5570461268516543,1
151.9300426494391,5,2,0,0.9049627808828802,0.9896254204445134,0.7014722695677245,3,0.23320338682614325,56.8286315212919,0,1,0.26097872198472766,1
569.3262502928895,6,1,1,0.8666964225238708,0.958618199199636,0.6623349378393414,0,0.48440647535637654,69.1727739200588,1,1,0.4142746639175698,1
228.6731691993743,5,3,0,0.3364584800662952,0.8599831153185273,0.9346611910561453,1,0.625030155266328,14.656679496945495,0,0,0.19349755043521782,0
207.4681330821229,2,3,1,0.4875958848851759,0.6759561056461036,0.8885590679099982,2,0.5570771234967282,49.07894343618757,1,0,0.35458683288836673,0
248.6867337354618,8,2,1,0.5807240021677635,0.9679470290670329,0.7321889621363469,0,0.23723106192145849,46.22706645941905,0,1,0.0752583981539535,1
500.47894882252047,4,4,0,0.615905554600938,0.7592868670430303,0.817545083088953,1,0.5594502613180671,23.358589648075515,1,0,0.24283150074510237,1
57.140462486512845,6,4,1,0.4621397046026999,0.8940826024108349,0.45911602720592454,0,0.4431397598399161,52.2805379592277,0,1,0.21369726760901486,0
189.99081021313364,6,1,1,0.5816585074569275,0.7840219723851886,0.40471026091509404,7,0.5896555159861339,4.352928251824634,1,1,0.31345458989668173,1
102.29645265585792,5,2,0,0.5853973032687497,0.8817101320838161,0.8013697439495124,0,0.6940313899446129,49.50888593859023,1,1,0.44728989690325094,1
2.3852255194050866,6,3,1,0.7894324261239648,0.55514407235044,0.6268326156390689,0,0.4378210265433199,44.70930836667513,1,1,0.4581200448677232,0
26.77506667446861,4,3,0,0.635740537145912,0.8767974673968904,0.8388121934546099,1,0.2280665046115232,11.352625678670952,1,1,0.2158249745727704,0
78.60611623295696,9,3,2,0.36706521656773805,0.996773294523761,0.5862163642503273,1,0.7203874337488532,81.83630471499748,0,1,0.1308704653956748,0
166.48183632899708,4,2,2,0.8947238364088547,0.7935284691537938,0.6052898620866108,0,0.22406287072853365,99.58869591459323,1,1,0.1056189991161698,0
426.5258972347108,6,1,0,0.45432071770306454,0.8015347299078561,0.8849273869039871,0,0.21541772120217337,11.344085409226125,1,1,0.3690861344689489,0
313.1934392486338,7,2,0,0.5615733067850894,0.6015564132611899,0.5428167339761487,1,0.647707894111443,3.792052396844638,1,0,0.45024864757334343,1
161.1886867722068,4,5,2,0.7022231480139763,0.8296296449392734,0.505676342953914,0,0.4275985346925927,44.41293985016267,0,1,0.5698801016060074,0
15.348223332270718,1,6,1,0.6899350904743339,0.7564526451218667,0.6574517756149334,1,0.25272086715808634,31.380858145316537,0,1,0.30047632282794157,0
67.34821586182804,4,2,0,0.7114384073553246,0.9739826286501198,0.4831762435433573,0,0.6908934606534146,26.779543185507414,1,1,0.18906094501276158,1
91.36493816767735,4,4,0,0.9310018373896334,0.8801389719243675,0.6862242364862498,1,0.17874856444865966,68.70367590707284,0,1,0.5930908679840472,1
194.4226351647419,6,4,0,0.6013331010023615,0.8795172816793376,0.5618636028113109,0,0.3931670893388876,167.77801471215946,0,1,0.39468007772236485,1
13.425413275409326,4,1,1,0.8546798304643398,0.9098474701141218,0.7342916415249329,1,0.4781437432416468,31.17329677262297,0,0,0.15373776028779373,0
151.08689743690041,1,5,0,0.6711165654416521,0.9378086727168616,0.6415284027546153,0,0.37957588682664656,0.2963567693331161,1,1,0.2181711987510031,1
463.4678324815801,3,4,0,0.725153747540107,0.9668685311503246,0.39843440527314034,2,0.7333182862350122,43.53608850388588,0,0,0.24142085864392968,1
244.44955289423552,12,0,1,0.8868061883516606,0.58918814993729,0.7393524685110741,2,0.24438631391261684,50.938457919632555,0,1,0.4056923151930213,1
318.98554579751834,1,3,0,0.7173169604740416,0.9702969039995053,0.5773457586118164,2,0.6410431113977206,84.497627425832,1,1,0.1627336432032318,1
228.93688846162092,3,6,0,0.6278790775922299,0.683585137054045,0.6420801968869148,1,0.2511411461708677,10.67532251001388,1,0,0.38739658020023876,1
46.28280959941306,5,0,0,0.9198235794232085,0.9106694133658034,0.36305526188092224,2,0.6405114642119045,35.66524643778662,1,0,0.4658331452888683,1
23.415516424304577,4,4,1,0.5367210549105134,0.7183959753597225,0.3234346700936247,3,0.13881819724025768,28.446484814074804,0,1,0.6044972162683219,0
353.7930559942476,6,1,1,0.4893770770736256,0.8150110627449331,0.9171142905245759,0,0.5330088377818744,52.41388201500027,1,1,0.4125125786489961,0
237.81975202675957,5,3,0,0.6053548226848473,0.7593558251274728,0.8968147471184641,1,0.22550428659327276,3.171790798925556,0,0,0.22661532045245725,1
171.16219296449452,3,2,0,0.7287826126407706,0.9226456758394026,0.720981493570515,2,0.2997535142321346,103.40527556440632,0,0,0.07993197252172565,1
