latitude,longitude,timestamp,news_crime_count,news_violence_count,social_media_alert_count,social_media_sentiment_score,gov_report_count,past_incident_count,time_of_day_hour,day_of_week,is_weekend,population_density,weather_severity,risk_label
18.987270059423683,72.76757402522887,2024-01-01 00:00:00,1,0,3,0.9634096957786875,0,2,22,6,0,0.8038810131612488,0.44341033367176086,orange
19.275357153204958,72.81143613561278,2024-01-01 01:00:00,0,0,2,0.7221192345663092,0,1,14,6,1,0.831066449881133,0.35761073802910043,green
19.165996970905702,72.7708041937107,2024-01-01 02:00:00,0,0,0,0.7551626224368642,0,0,13,3,0,0.24582017472799575,0.018342002697271154,green
19.09932924209852,72.73548101350282,2024-01-01 03:00:00,2,1,3,0.9879311319203814,0,1,1,0,1,0.765571990840502,0.2146600214270883,red
18.87800932022122,72.74825434844024,2024-01-01 04:00:00,1,0,5,0.8079182529068958,0,3,6,4,0,0.49019061084162363,0.37723573750111855,red
18.8779972601681,72.88431150721308,2024-01-01 05:00:00,2,0,1,0.6414368904981884,0,2,16,0,0,0.3156353946688522,0.29155014231539983,red
18.8290418060841,72.78253348736231,2024-01-01 06:00:00,0,0,2,0.8548300166640703,0,1,17,5,1,0.659246147266446,0.467935645982229,green
19.23308807288747,72.84570794441923,2024-01-01 07:00:00,2,0,2,0.666137363494281,0,2,5,6,0,0.26063566691237633,0.43382201645599994,red
19.100557505871606,72.90136690834194,2024-01-01 08:00:00,0,0,6,0.7480439951245756,0,0,20,4,0,0.7811952468877319,0.166323817667073,green
19.154036288898023,72.97615793145174,2024-01-01 09:00:00,2,1,1,0.7877053773760255,0,1,7,6,1,0.14285370481349655,0.042313597760045174,red
18.810292247147903,72.71572485593644,2024-01-01 10:00:00,1,0,2,0.7593686762497696,0,0,1,6,0,0.963217839635123,0.47212851982282567,green
19.284954926081,73.01976415956361,2024-01-01 11:00:00,2,1,1,0.7439568789619487,0,1,0,6,1,0.16468772833776202,0.2586433838839633,red
19.216221320400212,72.95116015579636,2024-01-01 12:00:00,1,1,1,0.425393262211751,1,1,15,0,0,0.6215035773238208,0.03719881218597426,orange
18.90616955533914,72.73270361277955,2024-01-01 13:00:00,0,1,2,0.5821299334094866,0,2,6,1,0,0.9119748611101407,0.40828780667963976,orange
18.89091248360355,73.04943144964271,2024-01-01 14:00:00,2,2,0,0.763798822219676,0,0,21,0,0,0.11071402196306532,0.43425323534269555,red
18.891702254926717,73.06834896021272,2024-01-01 15:00:00,0,1,4,0.45127664136424067,0,2,23,6,0,0.5486630148901513,0.3197123200882855,orange
18.95212112147977,72.72443118394195,2024-01-01 16:00:00,0,0,2,0.2903511877360942,1,0,10,4,1,0.4150062678796119,0.22375448284316996,green
19.06237821581612,72.81075105925888,2024-01-01 17:00:00,0,0,3,0.5799605558775557,2,2,14,0,1,0.6222989712321182,0.33108650616178636,orange
19.01597250932106,73.02248051191722,2024-01-01 18:00:00,1,0,1,0.8876687562047717,0,1,12,6,1,0.3029116480638928,0.3533418478525618,orange
18.94561457009902,72.99930387615346,2024-01-01 19:00:00,3,0,1,0.6886859146217016,0,1,23,6,0,0.1584092955085523,0.446514979042984,red
19.105926447361192,72.77380840774255,2024-01-01 20:00:00,4,0,3,0.5200461072997087,0,1,1,0,0,0.6633397331638362,0.47793084018736903,red
18.86974693032602,72.78373972933468,2024-01-01 21:00:00,1,0,2,0.901430915837192,0,1,13,0,1,0.47516431554406224,0.2571604661954557,orange
18.94607232426761,72.84818884111655,2024-01-01 22:00:00,0,2,2,0.43727422905529784,0,0,23,4,1,0.6602369848356067,0.39924726676328126,orange
18.983180921646845,72.89380919407641,2024-01-01 23:00:00,3,0,0,0.8390479286008838,0,1,5,0,1,0.28948523215405864,0.48225477799582744,red
19.02803499210852,72.94730190861212,2024-01-02 00:00:00,0,0,1,0.6946994228593202,0,2,8,3,1,0.4048671366581337,0.075621669073483,orange
19.19258798069651,72.8475654558279,2024-01-02 01:00:00,0,0,2,0.3995562398503618,0,0,6,5,0,0.6055132504281493,0.009133990804838343,green
18.89983689107918,72.88501388645325,2024-01-02 02:00:00,1,0,0,0.7400228446941364,1,1,17,3,1,0.6338015004922546,0.434481886424147,orange
19.057117219206805,72.9989883752535,2024-01-02 03:00:00,0,0,4,0.6241542875759591,1,1,23,4,0,0.4350833269968387,0.09763666662358039,green
19.09620728443102,72.71467328115624,2024-01-02 04:00:00,1,0,5,0.6761296735321138,0,1,8,1,1,0.3520478850549008,0.021239383315900473,orange
18.82322520636,72.80097477773761,2024-01-02 05:00:00,1,1,0,0.7513110208807571,0,0,22,3,0,0.34633056653973626,0.08004806882872229,orange
19.10377242595072,72.98533983435382,2024-01-02 06:00:00,1,0,0,0.7271691959667064,0,0,3,6,1,0.2572294162788086,0.19205745562188464,green
18.885262061843648,73.05808273507488,2024-01-02 07:00:00,1,0,6,0.8335285546461064,0,0,8,5,1,0.3928644660966285,0.10963285079629004,green
18.83252579649264,72.90467097684626,2024-01-02 08:00:00,0,0,0,0.6764246330793431,0,2,3,2,0,0.27949630331189795,0.15262681455022153,orange
19.274442768626667,72.91284539410613,2024-01-02 09:00:00,1,0,1,0.9608119906471375,1,0,11,5,0,0.6704338656069503,0.48764702571502316,green
19.282816016537282,72.74286880453592,2024-01-02 10:00:00,1,1,0,0.6452854746742033,0,3,3,3,1,0.6121602984178807,0.35220277208128753,red
19.20419867405823,72.87896494672938,2024-01-02 11:00:00,3,0,3,0.8470920769100475,1,3,23,2,0,0.4443299413038281,0.356095864126602,red
18.952306884586687,72.91304690658201,2024-01-02 12:00:00,1,2,2,0.8400527671028442,0,1,19,4,1,0.393247017943655,0.04734268736396141,red
18.848836057003194,72.7969882014539,2024-01-02 13:00:00,0,0,3,0.664889883245007,0,1,13,5,0,0.31385278017517826,0.36604918491134586,green
19.14211651325608,72.80769729237976,2024-01-02 14:00:00,1,1,5,0.5653575799108024,1,2,23,1,1,0.5819124780634071,0.36967216647765244,red
19.020076246869802,72.85091366524185,2024-01-02 15:00:00,1,0,5,0.8873588548279195,0,2,23,2,1,0.9270124879111195,0.3298725092033161,orange
18.86101911742239,72.70802847911109,2024-01-02 16:00:00,2,0,2,0.8399233823722183,0,3,6,2,1,0.7171327462500434,0.11421814799893754,red
19.047588455055635,72.82883166623327,2024-01-02 17:00:00,0,0,3,0.6892218005707843,1,3,12,5,1,0.7699732426320106,0.21151808954109247,orange
18.81719426055761,72.78457920279862,2024-01-02 18:00:00,1,0,6,0.6588855745296867,1,2,21,3,1,0.8509400772907669,0.42313822733481266,orange
19.254660201039393,72.83099894087117,2024-01-02 19:00:00,0,0,3,0.7649428242395045,1,3,7,2,1,0.41647147600406387,0.33510081467031316,orange
18.929389990800008,72.7479048527277,2024-01-02 20:00:00,0,3,2,0.8224451332217456,0,0,22,4,1,0.15658820390303888,0.36638441749995115,orange
19.131261142176992,73.05621091229595,2024-01-02 21:00:00,0,1,3,0.6700354612384825,1,1,4,5,1,0.6603029229894798,0.29368720006290444,orange
18.955855538044705,72.93743698142161,2024-01-02 22:00:00,1,1,1,0.8263853454779826,0,0,11,4,0,0.26980506210522937,0.22479329955588923,orange
19.060034010588907,72.97164092765779,2024-01-02 23:00:00,2,1,1,0.7476616957737773,0,1,12,5,0,0.6121392849960996,0.3795260050335541,red
19.07335513967164,73.01566849544294,2024-01-03 00:00:00,0,2,4,0.893981515938807,0,1,19,4,0,0.7655592098413583,0.03396290718315248,orange
18.892427227762763,72.89937687957162,2024-01-03 01:00:00,0,0,0,0.8333479816992904,0,2,13,3,1,0.8052744719330529,0.33658036639013206,orange
19.28479231388228,72.73476811523497,2024-01-03 02:00:00,0,1,6,0.9948188444180529,0,0,17,5,1,0.371655208222764,0.4986022539253396,green
19.187566411680557,72.91484261672741,2024-01-03 03:00:00,2,1,2,0.7953142367653862,0,2,23,6,1,0.5611899093123837,0.3900959647340158,red
19.269749470782095,72.93473644720835,2024-01-03 04:00:00,1,0,3,0.9657810516599625,0,1,19,1,0,0.6588685866494731,0.14528175578872765,orange
19.247413675213824,72.99817578967372,2024-01-03 05:00:00,2,0,2,0.6562409949230937,0,2,3,3,0,0.8375326495305597,0.1389097473526903,red
19.098949989405543,72.87266381849187,2024-01-03 06:00:00,2,0,0,0.8987919586365257,0,0,20,4,0,0.7852497985944527,0.33360930529672944,orange
19.26093711751156,72.75103212111823,2024-01-03 07:00:00,1,1,1,0.95507863113033,0,0,17,5,0,0.9891777888796333,0.4479271285042652,orange
18.84424625102596,72.81351036231949,2024-01-03 08:00:00,3,0,4,0.5572642284627408,0,0,6,3,0,0.1072762088770098,0.28897487042392145,orange
18.897991431209572,72.84523291855946,2024-01-03 09:00:00,1,0,3,0.8147350940437952,0,1,14,4,1,0.49374049677681975,0.26370114358502916,orange
18.82261364445527,72.95836689653264,2024-01-03 10:00:00,1,0,3,0.33104123627676496,1,1,20,0,0,0.3304400377385151,0.08019206692183567,orange
18.962665165381633,72.92831132186757,2024-01-03 11:00:00,0,2,5,0.7843445235842132,1,2,5,0,1,0.20790404843038607,0.3577284776799083,red
18.994338644844742,72.84243869035913,2024-01-03 12:00:00,0,2,1,0.845248577071996,1,1,15,2,1,0.9203637953504662,0.3511493098189454,orange
18.935674515886948,73.0946060995172,2024-01-03 13:00:00,0,1,4,0.5611309574217381,1,1,19,1,1,0.9981658594861177,0.4834756961669238,orange
19.214368754575965,72.94230992774276,2024-01-03 14:00:00,1,0,1,0.5913748654987474,0,3,23,0,0,0.2625365871142513,0.1500960921528322,red
18.978376663346797,72.7948907166944,2024-01-03 15:00:00,1,1,1,0.7210565377373755,0,2,7,6,0,0.13459005352122724,0.3782227381837659,red
18.940467254843693,72.74071298904816,2024-01-03 16:00:00,0,2,1,0.8243613808614791,0,1,20,4,1,0.34754900291245033,0.2170326305988145,orange
19.071348041579125,72.76114365567373,2024-01-03 17:00:00,2,1,0,0.5126056757792898,0,1,15,3,0,0.8513757262597561,0.2792363958080675,red
18.87046211248738,72.7983830913538,2024-01-03 18:00:00,2,0,1,0.6624339992082566,0,2,21,5,0,0.3645010748793851,0.4082269278002791,red
19.20109849037702,72.76427254930383,2024-01-03 19:00:00,3,1,4,0.5074018453877653,0,0,15,3,1,0.15121133244785942,0.1109975225094878,red
18.837275321839886,72.77462680962053,2024-01-03 20:00:00,1,0,2,0.9521849374238961,0,2,2,2,1,0.14724296555772692,0.17143436976370746,orange
19.29344346830026,72.81403806747754,2024-01-03 21:00:00,0,0,1,0.73800073383952,0,1,16,3,1,0.4846805221324928,0.3866543350987985,green
19.18612238464833,72.7693494381179,2024-01-03 22:00:00,0,1,1,0.6005960705800868,0,2,8,0,1,0.9386431507554577,0.28522895764393047,orange
18.899357840767088,73.05870616985057,2024-01-03 23:00:00,2,1,1,0.8613489298196824,0,2,2,3,1,0.3573283974756688,0.046211458452535104,red
18.802761058561803,72.73209349826466,2024-01-04 00:00:00,1,0,2,0.6779151747293706,1,1,19,0,0,0.4844419126309394,0.2150929333892565,orange
19.207730714227417,72.9098045558281,2024-01-04 01:00:00,0,0,2,0.9066200223658649,0,2,6,0,1,0.1917404248443477,0.2933166564865082,orange
19.15342867192381,72.86415873079586,2024-01-04 02:00:00,1,1,0,0.5294443768222198,0,0,17,1,0,0.544215513942083,0.4547586582225263,orange
19.164503584020494,73.09295144676344,2024-01-04 03:00:00,0,0,2,0.7509122677696839,0,2,11,2,0,0.7268923578571336,0.09424402496931933,orange
19.185635173342973,72.74481556086722,2024-01-04 04:00:00,2,1,1,0.8186795351648927,0,0,18,6,1,0.34403532505949763,0.40297648418874144,orange
18.837022325867046,72.8591422396183,2024-01-04 05:00:00,1,2,2,0.8666169180968433,1,1,15,6,1,0.3670401776758163,0.06531224153829568,red
18.979232864272138,73.08778817331014,2024-01-04 06:00:00,2,0,2,0.7885952401653086,1,2,21,4,0,0.8577775228656441,0.1211178300379036,red
18.857934529762566,73.04620285035759,2024-01-04 07:00:00,0,0,0,0.6042406367959563,0,4,23,6,1,0.10932735011245938,0.12167194174506152,red
19.231551712937797,73.0268288283797,2024-01-04 08:00:00,2,2,2,0.7933339918360078,0,1,16,0,0,0.6728236376950874,0.4387395979544163,red
19.11164906341378,72.80316113081798,2024-01-04 09:00:00,2,0,0,0.5119857432191267,1,0,19,5,1,0.45449617144745524,0.09950884600749355,orange
18.965449012426326,72.76835503495603,2024-01-04 10:00:00,0,1,3,0.7281877106135524,0,0,14,2,1,0.36854246220532216,0.39348036349270454,green
18.831779175143012,72.96745728796976,2024-01-04 11:00:00,2,1,4,0.7178422138818181,1,2,0,4,0,0.6918344490194894,0.23090326700980995,red
18.955491160857832,73.07175039565102,2024-01-04 12:00:00,0,1,4,0.5239316166362981,0,3,1,6,0,0.8512016696107346,0.4995453838986554,red
18.962591661013374,72.92270515720557,2024-01-04 13:00:00,1,0,3,0.9524662705028217,1,1,7,6,1,0.6025529046958064,0.4195457493260527,orange
19.164803089169034,72.92864507578795,2024-01-04 14:00:00,2,0,3,0.41495638939282425,0,0,21,5,1,0.1279851597487504,0.369851567223909,orange
19.11877873567761,72.81199163746412,2024-01-04 15:00:00,2,0,2,0.8186284329113057,0,1,1,3,1,0.5152610717430185,0.43536315332609776,orange
19.243606371288163,73.00779717327677,2024-01-04 16:00:00,0,0,0,0.9189378584086637,0,0,18,2,0,0.5164839468045758,0.3170151963025168,green
19.036107462580976,72.77481749942301,2024-01-04 17:00:00,1,0,2,0.6799858212315558,0,2,8,5,1,0.5894186453241471,0.4218261282642488,orange
18.85979712296915,72.8294716945617,2024-01-04 18:00:00,2,0,3,0.7145529098207907,0,1,8,6,1,0.703863010939197,0.13056342368072793,orange
19.1566223936115,72.87017457544657,2024-01-04 19:00:00,1,0,1,0.7543777665765594,0,1,12,2,1,0.1173865631809064,0.04885160555053747,orange
19.18039252430845,72.90304415147378,2024-01-04 20:00:00,1,0,2,0.8781539340486754,0,2,5,2,1,0.5518113619597754,0.30796600354333437,orange
19.08063859878475,72.79696389296603,2024-01-04 21:00:00,2,2,1,0.94465431553941,2,1,14,6,0,0.6294769924425316,0.217345196331793,red
19.18548358997728,72.74593472989568,2024-01-04 22:00:00,0,1,1,0.5199744880882105,0,3,18,3,0,0.4090180477744467,0.21322039764621598,red
19.046897798182197,72.94424801697664,2024-01-04 23:00:00,0,0,2,0.9845976469366189,1,2,20,3,0,0.7015287039313898,0.2633739262150231,orange
19.061366414690998,72.8154522212961,2024-01-05 00:00:00,1,0,3,0.8496740356770864,0,1,14,6,1,0.305359945416254,0.18069130578277126,orange
19.013770509179274,72.93249528856904,2024-01-05 01:00:00,1,0,2,0.8350593306657574,1,3,17,2,1,0.3856350997607064,0.31302976572141455,red
18.81270956337205,72.76174508610968,2024-01-05 02:00:00,0,1,0,0.6738064924079558,0,0,6,5,1,0.9664798126818934,0.015284183673814955,green
18.853945713496653,72.89245604074192,2024-01-05 03:00:00,2,0,3,0.7403425567511137,0,2,10,1,0,0.4132633337750261,0.48494567094088165,red
18.815714592843367,72.91303577302064,2024-01-05 04:00:00,0,0,2,0.8272616170295638,0,2,7,0,0,0.4118507986291705,0.4623544960227852,orange
19.11820520563189,72.72072941472898,2024-01-05 05:00:00,0,0,2,0.4522556516840562,0,0,5,3,0,0.6361125722408038,0.4676350812909668,green
18.957177990538163,72.83464171127757,2024-01-05 06:00:00,2,0,0,0.7467851704785011,0,0,7,6,0,0.9738777968740542,0.18250174779185918,orange
19.05428534558235,72.7537658707756,2024-01-05 07:00:00,3,0,4,0.8302471402608403,0,2,1,1,1,0.9847724013577003,0.2659454788295499,red
19.25378323696305,72.72534998818911,2024-01-05 08:00:00,0,0,2,0.7322117753706432,0,3,18,3,0,0.6216921673086845,0.4770653015287876,orange
18.92464611457444,73.09598409295597,2024-01-05 09:00:00,0,2,2,0.9143317235506964,1,2,15,2,0,0.10097831782443928,0.4511730282137933,red
19.005191461517814,72.82894153798989,2024-01-05 10:00:00,0,1,1,0.34809045489271745,0,2,6,6,1,0.9105908956915597,0.39512223795057366,orange
19.177775569271525,73.02394977834184,2024-01-05 11:00:00,0,0,2,0.9681385669933146,1,0,9,1,0,0.6132141681193433,0.20366579492379622,green
18.914399082745813,72.80185626190551,2024-01-05 12:00:00,2,0,2,0.7120359457484892,0,1,11,6,1,0.42939676746094224,0.2821696115910867,orange
18.838489954914397,72.97260108888958,2024-01-05 13:00:00,0,2,2,0.8727274081653551,0,1,16,5,1,0.8462756269143444,0.39645623710832384,orange
18.944875726456885,73.00409114395588,2024-01-05 14:00:00,2,0,4,0.9333250846911328,0,0,6,5,1,0.4598492134151846,0.13650599777001587,orange
18.880610643627,72.93825549624313,2024-01-05 15:00:00,1,1,0,0.5661822536490425,0,1,21,4,1,0.1306400555802382,0.3132246841140557,orange
19.26484882617129,72.88863047542006,2024-01-05 16:00:00,0,1,1,0.6232343834855001,0,0,7,0,1,0.8389650007513169,0.4139671624259284,green
19.204060189782208,72.86473636565891,2024-01-05 17:00:00,2,0,4,0.6876963276928584,0,2,6,0,0,0.5912734609177861,0.3537273958664507,red
19.116701878255213,72.83954730661719,2024-01-05 18:00:00,3,0,0,0.6504839523003151,0,2,3,3,0,0.40432918440177656,0.23974031559550035,red
19.23573029509386,73.07181165769913,2024-01-05 19:00:00,1,1,0,0.5656331375388599,0,2,2,0,1,0.3258031387184661,0.29230417977757917,red
19.201836038449557,73.03224776311508,2024-01-05 20:00:00,1,1,3,0.7855292532410804,1,0,18,6,0,0.6344177134738831,0.49433777157289704,orange
18.893285029443017,73.0860107642666,2024-01-05 21:00:00,0,1,0,0.7941079278425255,0,2,14,6,1,0.2872445934025901,0.30099389732360504,orange
19.246279499244988,72.74971888939422,2024-01-05 22:00:00,0,1,1,0.4341937583222217,0,1,3,4,0,0.39146579790130287,0.3928088770093219,orange
19.069671120957825,72.99234699008146,2024-01-05 23:00:00,1,0,0,0.5899466155352346,0,0,8,5,0,0.6728772784725853,0.3633023821888313,green
19.20372007758203,73.0753361827284,2024-01-06 00:00:00,2,0,1,0.8596406105064783,1,1,12,1,0,0.8933900053653387,0.3507453077646816,orange
19.248045649961746,72.77249322646627,2024-01-06 01:00:00,1,1,2,0.7487822020879429,0,0,17,1,0,0.5796012955524389,0.3581845275570218,orange
18.959001737485934,72.72659850694671,2024-01-06 02:00:00,1,0,2,0.5785297921539644,1,4,20,5,0,0.7831957584691833,0.22720487564073194,red
18.855025962263838,72.99644825971602,2024-01-06 03:00:00,4,0,1,0.7356992241196619,0,3,15,2,0,0.7867545433867377,0.23708008725906266,red
18.91396758127097,72.92978924527196,2024-01-06 04:00:00,2,0,2,0.5677950248219112,0,5,0,5,0,0.6979185573934481,0.23393136868039116,red
19.01355389431313,73.0367315107033,2024-01-06 05:00:00,0,1,3,0.5510290274368624,1,0,3,1,1,0.3212545039124659,0.016627303606304045,green
19.209007382961246,72.75590895065052,2024-01-06 06:00:00,3,1,0,0.9312311152759533,0,2,17,3,1,0.8801097383352177,0.12053266516616173,red
19.23036529162817,73.01810692474395,2024-01-06 07:00:00,1,0,3,0.8459398595071577,0,2,7,4,1,0.49264809007560983,0.0772820033249414,orange
18.803476065265595,72.7806509280191,2024-01-06 08:00:00,1,0,1,0.8868875951519132,0,0,19,5,0,0.1397896695421305,0.44322250569862864,green
19.055373651288782,72.76546237714628,2024-01-06 09:00:00,2,0,4,0.5799511857912842,1,2,15,2,0,0.3201514030625726,0.1374846832264745,red
19.00870550157439,72.7657063191724,2024-01-06 10:00:00,2,0,5,0.7810674045456031,0,2,20,3,1,0.7889935186893842,0.0692213172327702,red
18.911053905235367,73.02582988809255,2024-01-06 11:00:00,2,1,1,0.6219827853397505,0,0,10,5,1,0.16222000223574046,0.05988346595544247,orange
18.85993268366684,72.96607888827847,2024-01-06 12:00:00,1,1,1,0.6699891070926736,1,2,19,3,0,0.2326279619394201,0.34999491727607934,red
18.968807585701814,72.90922616990764,2024-01-06 13:00:00,0,0,4,0.6636356657254131,1,0,20,5,1,0.724804134437534,0.0030416554574796417,green
19.27145485195626,72.8435321936494,2024-01-06 14:00:00,3,1,1,0.8164179464234352,0,3,20,3,1,0.9033407107547865,0.23565220087825411,red
18.96160146601038,73.05088021632524,2024-01-06 15:00:00,1,0,1,0.6688444812426778,0,2,20,6,1,0.6703588045518731,0.059435552799098124,orange
19.059395310871682,72.85697804296905,2024-01-06 16:00:00,0,0,3,0.5783035071188365,0,1,18,0,1,0.30006194844659917,0.4248316888179526,green
19.15150947944759,73.02663977578862,2024-01-06 17:00:00,1,0,2,0.7282996967192203,1,3,22,3,0,0.14807238692459376,0.4792251782262291,red
18.981814801189646,72.87565396342809,2024-01-06 18:00:00,0,1,0,0.6663751754835676,0,2,18,6,1,0.6536139242952805,0.4793773081074518,orange
19.285891041360482,72.85077777176997,2024-01-06 19:00:00,0,2,1,0.8261877325145405,1,1,17,0,1,0.1426587201380476,0.22098205447338465,orange
19.281223647471055,72.88507191426784,2024-01-06 20:00:00,1,1,2,0.5982633140195254,0,1,18,1,1,0.6514498467475813,0.32225741221739823,orange
18.925891147912683,72.82055114966566,2024-01-06 21:00:00,1,1,1,0.5166141725311331,0,1,10,0,1,0.30302194974498553,0.2998520682553723,orange
19.048624252946194,72.99904375207049,2024-01-06 22:00:00,0,1,4,0.7095992498816521,0,1,2,3,0,0.9141904561679467,0.17501945069297647,orange
18.950439154908384,72.90108815603699,2024-01-06 23:00:00,1,0,3,0.9634081531442183,1,3,7,4,1,0.5275834016386257,0.22203224571026559,red
18.942420247188736,72.79288507805873,2024-01-07 00:00:00,0,1,0,0.6143129728258067,0,2,19,4,1,0.30154458997872613,0.03216184861664284,orange
18.818443473677267,73.05982982930982,2024-01-07 01:00:00,2,0,2,0.7283639875517625,1,2,18,1,1,0.8678307849027325,0.3978495163357436,red
19.10478216698995,72.85355648854929,2024-01-07 02:00:00,1,0,4,0.5771273663264104,2,2,9,3,1,0.3286318586027575,0.12040175607730952,orange
19.051339511614433,72.9174211444456,2024-01-07 03:00:00,2,1,2,0.8095641634603103,0,0,15,0,1,0.375939168872388,0.23026366556818811,orange
18.825739375624995,73.06258884438581,2024-01-07 04:00:00,0,3,1,0.8967942952641469,0,1,4,4,0,0.8508501091499101,0.24031036680832196,red
18.939323232118305,72.94969519836559,2024-01-07 05:00:00,0,0,2,0.9014656012655734,0,0,19,5,1,0.3779128268205364,0.2803558695756591,green
19.25413294298333,72.74675921628335,2024-01-07 06:00:00,1,0,2,0.9272893993353909,0,2,8,2,1,0.46914739230757363,0.408938318944045,orange
18.919780945333486,73.07593284944538,2024-01-07 07:00:00,1,1,2,0.8355131227470117,0,2,7,3,0,0.4128991036829799,0.34594052309187484,red
18.87244743604561,72.95108322122856,2024-01-07 08:00:00,3,0,1,0.7273420729443404,0,3,10,6,1,0.20476028604733826,0.331531524564596,red
19.044726380138783,72.83396224586284,2024-01-07 09:00:00,1,0,0,0.6979785876843954,1,0,15,6,0,0.13500623102214354,0.2633727479024699,green
19.2928252270553,72.75570882906536,2024-01-07 10:00:00,0,1,3,0.7115035450509826,0,3,6,5,1,0.7520866066548831,0.04797787747329496,red
18.921027635755753,73.01761007570812,2024-01-07 11:00:00,0,0,6,0.7744817562853691,0,1,14,5,0,0.6806234115421486,0.2010042358254307,green
19.13606777370294,72.94802910237141,2024-01-07 12:00:00,2,0,1,0.6648045957876426,1,0,23,3,0,0.3541294607968515,0.47865842564527605,orange
19.18080980766436,72.91338443679052,2024-01-07 13:00:00,1,0,2,0.8716452943665337,1,1,20,2,1,0.3660392124863907,0.49777403764412625,orange
18.9188187719962,73.05755703322038,2024-01-07 14:00:00,1,0,2,0.5218116403307812,0,1,19,4,0,0.9505052047078132,0.3652490730504591,orange
19.16410817430593,73.01543888448981,2024-01-07 15:00:00,0,0,2,0.5071063619053356,0,0,22,2,1,0.988904014510143,0.11375748153732251,green
18.983891566359627,72.7606699518931,2024-01-07 16:00:00,1,0,2,0.8515525709388396,0,1,16,1,0,0.5260914129103242,0.05094532300169796,orange
19.11615291529679,72.82468882711822,2024-01-07 17:00:00,0,1,2,0.9189932249622467,0,4,5,0,0,0.8222065709333443,0.20738217952309962,red
19.11676485538045,72.79939565592579,2024-01-07 18:00:00,0,2,1,0.7667171437383701,0,1,14,0,1,0.7630172882824289,0.42828595117966783,orange
19.06788734203738,72.99757851702907,2024-01-07 19:00:00,2,1,4,0.767788556582097,0,1,7,5,0,0.3675859385608423,0.36093211994750024,red
18.845144885027207,72.71341297389431,2024-01-07 20:00:00,2,1,3,0.8867549209541726,1,2,6,4,1,0.15270643946843052,0.44194611877055245,red
19.21765124779462,72.92795587394852,2024-01-07 21:00:00,1,1,0,0.7867347267033985,1,1,1,2,0,0.22830063142144602,0.30788815734882613,orange
18.96039003248587,73.00498347429627,2024-01-07 22:00:00,0,0,2,0.7512009955748772,0,0,12,5,0,0.8544647053006871,0.06516418229484616,green
18.89325925519993,73.05070625470469,2024-01-07 23:00:00,1,0,2,0.5106800243170522,0,1,22,3,1,0.7580924379966529,0.05739798349908204,orange
18.82038757077738,72.83683269948637,2024-01-08 00:00:00,2,1,3,0.7913501618070325,0,0,5,5,1,0.6979013600160501,0.02400115131506464,orange
19.095446471594123,73.0285029218688,2024-01-08 01:00:00,1,0,1,0.6598234910450643,0,1,4,3,0,0.21758394852698348,0.2835399852867655,orange
19.13878218092114,72.74425269478209,2024-01-08 02:00:00,3,1,2,0.9480856055189563,0,1,19,3,1,0.6759376187054722,0.12144311831239452,red
18.808293914463928,73.0385809166938,2024-01-08 03:00:00,0,1,0,0.5009590538213915,0,2,0,1,1,0.7949370983438039,0.36719182067747524,orange
19.05604652914964,72.7509954649328,2024-01-08 04:00:00,2,1,3,0.5819188461881031,0,1,17,1,0,0.8745415748742615,0.34312496792875363,red
18.91324788759897,72.85891491622415,2024-01-08 05:00:00,2,0,3,0.6135783451027093,0,1,14,3,0,0.1119081512742564,0.15905537120415847,orange
19.122586395204724,73.01891814631182,2024-01-08 06:00:00,0,0,2,0.5029081521188541,1,2,22,4,1,0.7160275916906299,0.08840083323203218,orange
18.887183214502496,72.75996697093952,2024-01-08 07:00:00,1,0,0,0.8626859271999773,0,2,9,1,0,0.11718789004288399,0.051200174898000606,orange
19.145468869051232,72.79170055809305,2024-01-08 08:00:00,2,0,3,0.7585874446467186,0,2,2,1,1,0.7361855609890947,0.3686576369065485,red
18.99336767315027,72.98890102735723,2024-01-08 09:00:00,0,0,2,0.41188580772358285,0,2,4,0,1,0.6720592282588044,0.2252204977129666,orange
19.26836499436837,72.98801461461842,2024-01-08 10:00:00,1,1,4,0.7244496449962986,0,0,23,5,1,0.23351307662707527,0.16176495708906946,orange
18.868760472072996,72.95645905315412,2024-01-08 11:00:00,1,0,1,0.5007110203254052,0,2,12,0,1,0.7895095762106172,0.4283265079031561,orange
18.97053317552513,72.97757937778684,2024-01-08 12:00:00,1,0,3,0.8438283265012003,0,1,7,4,1,0.16151285637072205,0.296806608284692,orange
18.856736760620294,72.91708977733904,2024-01-08 13:00:00,1,0,2,0.4462856521219303,0,2,21,1,1,0.8437588963701701,0.2590011681982922,orange
19.26234680913928,72.80071962356278,2024-01-08 14:00:00,1,0,4,0.7985621729009148,0,3,20,6,0,0.3357363203634061,0.37168958248780787,red
19.238669676690492,72.83827839740157,2024-01-08 15:00:00,2,0,0,0.6499480016063262,0,1,1,1,1,0.7199666760705985,0.40779157011764416,orange
18.92897081385758,72.77263908672057,2024-01-08 16:00:00,0,0,2,0.6180252259393577,0,2,8,2,0,0.9313204069196832,0.34303657771135976,orange
19.129992023017092,73.06338022453345,2024-01-08 17:00:00,0,0,1,0.7094874442726661,1,0,16,4,1,0.4058443222061041,0.22000315929967634,green
19.208611100100608,72.93335671790645,2024-01-08 18:00:00,2,0,1,0.9210032648764074,0,0,17,6,0,0.5526046701463773,0.18964939633609373,orange
19.077600405799732,72.86034056670546,2024-01-08 19:00:00,0,0,1,0.4640132718060509,2,4,12,5,0,0.5168062305554053,0.3858324691363511,red
19.064825289178003,72.88480232145766,2024-01-08 20:00:00,1,0,0,0.5764175143570204,0,1,0,5,0,0.2418502141565813,0.25895358032014304,orange
18.920926145450228,73.07891333584472,2024-01-08 21:00:00,2,0,1,0.8211656283431441,1,1,11,6,1,0.6312808094416855,0.35219303925868817,orange
18.846551383902952,72.76134056124643,2024-01-08 22:00:00,1,1,2,0.7737796488093411,1,0,19,5,0,0.7687017266688532,0.44519939454027596,orange
19.248607878976664,72.93449193280672,2024-01-08 23:00:00,1,1,3,0.39434416308601417,0,3,19,6,0,0.9251873460314373,0.4579453173683516,red
19.250209028581665,72.90235547155379,2024-01-09 00:00:00,2,1,5,0.734923427170364,0,2,20,4,1,0.8657223414845615,0.13885781962028632,red
19.116550728636636,72.94458169417386,2024-01-09 01:00:00,0,0,3,0.7428245401507712,0,2,4,6,0,0.5590174417552285,0.09394497513625705,orange
18.96951489552435,72.70724407352834,2024-01-09 02:00:00,2,1,2,0.6741133962986307,2,1,7,6,0,0.7471154390607413,0.13064368016841893,red
18.97460478730633,73.04884956357766,2024-01-09 03:00:00,0,0,4,0.8692849919276906,0,2,14,2,1,0.8207050720365036,0.3756858852677514,orange
19.162977839435122,73.07284731299345,2024-01-09 04:00:00,0,2,3,0.6876459646217196,1,0,2,2,0,0.544139842364514,0.18502901802308008,orange
19.24855512997629,72.92605327343568,2024-01-09 05:00:00,1,0,2,0.8936325699805349,0,2,5,0,0,0.20388480463384095,0.08669464042066488,orange
19.243543212132558,72.97866032955075,2024-01-09 06:00:00,0,0,1,0.6610868858024822,0,2,12,4,1,0.49413768746263376,0.04919274625348463,orange
19.18993777292881,73.06899975247092,2024-01-09 07:00:00,0,0,1,0.5525558753541865,1,2,11,4,0,0.8582302343814083,0.16365659441484393,orange
19.121015823077144,72.98289545372536,2024-01-09 08:00:00,0,1,4,0.8397239181720556,0,2,18,2,0,0.6369772648543615,0.06806822017525566,orange
18.842069982497524,72.76101561716571,2024-01-09 09:00:00,0,0,5,0.7795597353288483,0,2,17,3,0,0.7520125393084051,0.07818680626665347,orange
18.880814357047306,72.93051534406672,2024-01-09 10:00:00,1,0,1,0.7825947378446295,1,2,23,3,0,0.2667412199373288,0.3419419867231351,orange
19.24927709426354,72.94268601855315,2024-01-09 11:00:00,1,0,3,0.8492449299022055,0,0,0,0,1,0.9679039913899051,0.00986604783420264,green
19.103214529829796,72.86965226852095,2024-01-09 12:00:00,2,0,2,0.7040167498903589,0,1,6,3,1,0.4636724765439785,0.058776630812719,orange
18.804598525808316,72.99457769424988,2024-01-09 13:00:00,1,2,1,0.8901826647689725,0,1,11,3,1,0.688271970445956,0.4221827456065482,red
18.850735771433015,73.0737468059076,2024-01-09 14:00:00,0,0,2,0.6072749789554316,0,3,9,3,1,0.11698502913154474,0.4224570425091266,orange
19.13175088455403,73.07022740516271,2024-01-09 15:00:00,3,2,1,0.7140102630259775,0,1,11,1,0,0.2145873360297622,0.16462173938178848,red
18.80253079192311,72.88033574856165,2024-01-09 16:00:00,1,0,2,0.7421947920091756,0,5,10,0,1,0.803830842896427,0.043976504184364495,red
18.88040402570875,72.74529521833631,2024-01-09 17:00:00,0,0,1,0.7910847656939382,0,3,3,2,1,0.9711725009682292,0.35248516690360293,orange
19.074366894683294,73.09393647958493,2024-01-09 18:00:00,2,0,0,0.3892928176045165,0,3,18,3,0,0.38804981954993045,0.1800658438869372,red
19.145947598846348,73.03555923457837,2024-01-09 19:00:00,1,0,2,0.9612992149982423,0,2,5,5,0,0.13346266144713836,0.022732313602462917,orange
19.1259806297513,72.74986507248131,2024-01-09 20:00:00,1,0,1,0.7388292771138552,0,1,8,6,0,0.42477994178212375,0.07891349064989928,orange
18.91213465473028,73.06833675304695,2024-01-09 21:00:00,1,0,2,0.6888514114742914,0,3,19,1,1,0.11572131725110237,0.06860740598201215,red
19.156089610673767,73.04795854482485,2024-01-09 22:00:00,0,0,3,0.39822029233988065,0,2,9,3,0,0.2731357830362222,0.2945581719138311,orange
18.9186245437484,72.90753522285043,2024-01-09 23:00:00,3,1,0,0.7709507676365321,0,0,4,6,0,0.7772248135483646,0.44905879180178065,red
18.962699849079634,72.93651017429796,2024-01-10 00:00:00,1,0,0,0.3187157763517739,2,3,12,6,0,0.9433795582958465,0.3965360166617287,red
19.17324570255901,72.85960108154805,2024-01-10 01:00:00,4,4,2,0.5883596634607103,1,1,8,1,1,0.178704175931998,0.27325802250861503,red
19.124816449523607,72.72190465552882,2024-01-10 02:00:00,1,1,1,0.5994513208592297,1,1,1,0,1,0.6021107009294583,0.21107758246374003,orange
19.22461170524709,72.83407889665835,2024-01-10 03:00:00,1,0,2,0.6135199811229888,0,2,17,5,1,0.32849276151162876,0.3093383545344325,orange
19.128806446150172,73.0211413794392,2024-01-10 04:00:00,3,0,3,0.8370460288226597,0,1,20,5,1,0.2251532132145366,0.22190637049004042,red
19.084154301667738,72.70185280920184,2024-01-10 05:00:00,0,0,2,0.7449789026887997,0,0,0,5,1,0.2970822069024018,0.12304956128815797,green
18.846837383914046,72.83339966867646,2024-01-10 06:00:00,0,0,3,0.6219150371508407,1,3,23,3,1,0.6199867607479367,0.3395987276761398,orange
18.983857901529717,72.85926747743638,2024-01-10 07:00:00,0,1,3,0.47298883385691487,0,3,20,1,1,0.15862105129956494,0.4366219728706605,red
18.932601183840863,72.91495824117517,2024-01-10 08:00:00,0,0,3,0.4997827334734251,0,3,11,5,0,0.49079673655157574,0.18643516534043025,orange
18.92199482168954,73.0679422465651,2024-01-10 09:00:00,2,0,2,0.8442759976121618,0,1,9,6,0,0.2217050658596475,0.42076923384566844,orange
19.286505277376225,72.83853839774639,2024-01-10 10:00:00,1,1,0,0.7951769044411091,0,2,1,6,0,0.34540934715503335,0.21554102324174523,red
18.99654886233338,72.8387812807585,2024-01-10 11:00:00,1,0,2,0.6400319098326768,0,0,8,4,1,0.27167889676893753,0.200667971549713,green
19.246023277588556,72.9950004992439,2024-01-10 12:00:00,4,1,2,0.969014261034478,1,1,1,4,1,0.8946779498478075,0.014162178773513834,red
19.11556931299863,72.88088717635593,2024-01-10 13:00:00,1,0,2,0.7762816217444277,0,1,22,1,0,0.7372101977841605,0.34763945068370516,orange
19.197405651770826,72.78984192917599,2024-01-10 14:00:00,1,1,3,0.7022899740574008,1,1,23,3,0,0.8816163210527235,0.40375126255691146,orange
19.051318546552597,72.88097580645308,2024-01-10 15:00:00,4,0,1,0.6199557451717903,0,1,21,3,1,0.44511655109292325,0.3317784597792805,red
19.08845194231318,72.75634280815193,2024-01-10 16:00:00,0,2,2,0.8620882544482042,0,0,13,0,1,0.3820720283683031,0.07568047569597175,orange
19.04625884690943,72.77055479460249,2024-01-10 17:00:00,1,0,0,0.6637144564041326,1,4,10,0,1,0.44252847540799034,0.05164673377632156,red
18.897621493899024,72.89934710909579,2024-01-10 18:00:00,1,0,0,0.8221977864100968,2,3,22,5,1,0.11669337615196673,0.28642937580926975,red
19.161226057630753,72.86757017980182,2024-01-10 19:00:00,3,1,2,0.7845175537447197,0,3,10,2,1,0.7522338476337024,0.20075812709230095,red
18.94038618122043,73.06593836042724,2024-01-10 20:00:00,3,0,3,0.838248934265568,0,5,16,6,1,0.4147952112055705,0.2145488917427948,red
18.812157983215727,72.84495755964666,2024-01-10 21:00:00,1,1,1,0.5067964401177021,0,3,3,0,1,0.3819914232191125,0.48390012337150384,red
19.122736147953585,72.93223534011122,2024-01-10 22:00:00,1,0,1,0.6333882481515194,2,3,12,3,1,0.6383269588334796,0.3619613355965327,red
18.888555339703526,72.95290571516782,2024-01-10 23:00:00,0,0,4,0.5644525794993154,0,2,6,6,0,0.4926249205388348,0.20589386960387834,orange
19.27022929217646,72.70523778263534,2024-01-11 00:00:00,0,1,1,0.4029038270756526,0,1,15,2,1,0.9827590314015087,0.009549639920857445,orange
19.276964288501294,72.96541494880668,2024-01-11 01:00:00,0,0,2,0.8528198157629131,0,1,0,0,1,0.4206277386089212,0.017047848926635134,green
19.257432195110226,72.7712143867479,2024-01-11 02:00:00,0,1,0,0.6222504996400521,0,2,12,1,1,0.652506257987122,0.3424018478229281,orange
18.985079350127723,73.08442812698777,2024-01-11 03:00:00,0,0,4,0.7089959030666335,0,0,0,4,0,0.3804859905486866,0.41886937975888194,green
18.807728308264434,72.75946509110125,2024-01-11 04:00:00,3,0,3,0.693350197933227,0,2,10,0,0,0.9915354821895911,0.3538513147748419,red
19.264159281293864,72.86584964949081,2024-01-11 05:00:00,0,0,2,0.8642712982848334,0,4,5,0,1,0.5005999312481153,0.2029438763023627,red
19.014092074158658,72.73413986723146,2024-01-11 06:00:00,1,0,2,0.4741935306348946,0,2,19,1,0,0.6707159297801226,0.015567868965284781,orange
19.283327409521835,73.09874970073837,2024-01-11 07:00:00,0,0,3,0.5534800268035363,1,3,2,3,0,0.21404950385740934,0.48370081511761487,orange
19.281809988544627,72.9008780041325,2024-01-11 08:00:00,1,0,3,0.675605704449881,0,0,11,5,0,0.7597217933772923,0.49316803107904333,green
19.22650472773368,72.93815400692802,2024-01-11 09:00:00,2,0,1,0.8157100302250695,0,0,4,1,1,0.3422890520880598,0.27468227572213433,orange
18.947224446034795,72.72683059095537,2024-01-11 10:00:00,0,3,3,0.8383045851012799,0,2,8,5,1,0.5037519275467047,0.035335482347552793,red
18.992548864300964,72.99998418815967,2024-01-11 11:00:00,1,0,3,0.6169191592745377,0,3,11,0,1,0.8948197560947121,0.27048625295723344,red
19.225568335758428,72.78396223723824,2024-01-11 12:00:00,0,1,0,0.9820347630706475,0,2,9,3,1,0.9734972633965913,0.4461692351104042,orange
18.95846100257814,73.05922171577627,2024-01-11 13:00:00,1,4,4,0.602281706948603,0,0,18,2,1,0.48211489165632126,0.33999275506410676,red
18.88474637334305,72.7820558561928,2024-01-11 14:00:00,2,0,4,0.5507449689066201,0,1,4,0,1,0.8513224011590499,0.35999461551636214,orange
19.078400631229176,72.77627508826546,2024-01-11 15:00:00,0,0,2,0.9426240948188646,0,1,4,1,1,0.14801409509487468,0.04248491871612464,green
19.268077387080393,72.71461986713923,2024-01-11 16:00:00,0,0,2,0.8445571108095541,0,2,8,2,0,0.8628166268112363,0.05325581851590072,orange
19.148014898337486,72.88882677804399,2024-01-11 17:00:00,0,0,2,0.8736368563738207,0,1,19,4,1,0.6665592899373847,0.06367438818794263,green
19.085030585044684,72.92593645330504,2024-01-11 18:00:00,0,2,0,0.5739125476995456,0,1,16,2,1,0.5398355515524418,0.4521884168304963,orange
18.848588246885384,72.72628345577134,2024-01-11 19:00:00,1,4,2,0.9248453058241185,1,2,9,1,1,0.900967334623523,0.26292481813190666,red
19.107503613349586,73.010211046678,2024-01-11 20:00:00,3,2,2,0.6545936685919471,0,2,20,6,1,0.8608035002557725,0.3957875481964956,red
19.29502692505213,72.88131553389921,2024-01-11 21:00:00,0,0,3,0.6773579327343161,0,1,0,2,1,0.36725058635821484,0.057645629941800114,green
18.870042007618263,72.90975610773103,2024-01-11 22:00:00,1,1,0,0.7105368151147652,1,0,21,1,1,0.8123395441102818,0.4638213527542975,orange
19.05916482618187,72.87630509877529,2024-01-11 23:00:00,1,1,1,0.4836408698819673,0,1,15,6,1,0.18954184029613536,0.4105710457486051,orange
19.23868653596398,72.86030522435013,2024-01-12 00:00:00,2,0,3,0.9449309866641625,1,2,14,0,1,0.8404875419206331,0.11238207238767806,red
19.170384308877104,72.92385613252328,2024-01-12 01:00:00,0,0,3,0.8205048193127171,0,2,22,6,0,0.7079100562209254,0.43709111664697675,orange
19.148507870497635,72.76209609837228,2024-01-12 02:00:00,1,1,4,0.44961204149845485,0,1,16,3,0,0.17907969783874847,0.13172137969840464,orange
19.151242041993555,72.77277125219811,2024-01-12 03:00:00,2,0,0,0.555609696786205,0,0,19,4,1,0.7147721561267218,0.10266993966952825,orange
18.97974557560988,73.0447142484054,2024-01-12 04:00:00,1,0,3,0.4193530817190449,0,3,12,6,1,0.6224673490087331,0.13212196840610618,red
18.946795922132246,73.07844618485345,2024-01-12 05:00:00,0,0,1,0.637903816859236,0,4,0,3,0,0.6350950910305403,0.45497753163630467,red
19.204680577739257,72.8493237265119,2024-01-12 06:00:00,0,1,2,0.8441865104908849,0,0,7,3,1,0.3617775416167287,0.45779599275743477,green
19.20505669733959,72.80829786925742,2024-01-12 07:00:00,1,1,5,0.57252087539149,0,2,4,3,1,0.33984748001156073,0.1644978873439844,red
19.233536159290054,72.9575998172956,2024-01-12 08:00:00,1,0,0,0.7317353383301005,0,6,5,6,0,0.786281600848618,0.3527170925472756,red
19.256620276278237,72.86349366843923,2024-01-12 09:00:00,0,2,1,0.48173355500309345,0,1,22,1,1,0.33113213291551524,0.33787262758209163,orange
19.05567119943047,72.71015454226414,2024-01-12 10:00:00,0,0,3,0.7845774513941671,0,3,19,1,1,0.5016360266289088,0.4032813160652016,orange
19.0507581473436,72.76246103894648,2024-01-12 11:00:00,3,0,3,0.3804498578829319,1,1,13,4,1,0.7253100987389063,0.14825475007106553,red
19.19914758948339,72.98638889153895,2024-01-12 12:00:00,0,0,1,0.8367358223507508,0,0,21,1,0,0.17165462619469402,0.25506927095520093,green
19.124981965388884,72.96356957676406,2024-01-12 13:00:00,1,1,0,0.9562461043752731,0,1,22,5,0,0.6350935443504915,0.33383697550414343,orange
19.150983438628852,72.7108383970014,2024-01-12 14:00:00,1,0,3,0.8266760973434146,0,2,10,1,1,0.6304387353833055,0.013128409404953023,orange
19.197896334718052,72.78878886477318,2024-01-12 15:00:00,1,0,3,0.7230683156873668,0,1,5,1,0,0.715805839799223,0.18836937266547732,orange
19.245002670908782,72.79242991863524,2024-01-12 16:00:00,0,2,0,0.47499728557537824,0,2,10,1,0,0.43293528577509277,0.34794417883928447,red
18.968997578425768,72.9687570974395,2024-01-12 17:00:00,1,1,2,0.9232115639854379,0,1,12,0,0,0.5040817966574558,0.1262975465595667,orange
18.987791476319973,72.70788421510174,2024-01-12 18:00:00,1,0,0,0.9514462507599835,0,3,11,4,1,0.39697238255022427,0.4788520535032436,red
18.846990969920434,72.74164343279384,2024-01-12 19:00:00,1,3,4,0.6587805137043788,1,2,21,5,0,0.8273514224698982,0.015080685753419476,red
19.089140070498086,73.01996643414927,2024-01-12 20:00:00,3,0,0,0.4723549179308597,0,2,1,1,0,0.21754968403251923,0.4790435937937114,red
18.81797113689837,72.77141786482173,2024-01-12 21:00:00,1,1,2,0.7482051251840791,0,3,20,4,0,0.9666585582177969,0.10838193400520002,red
19.03279900906623,72.96109844314074,2024-01-12 22:00:00,0,0,1,0.8071454131928315,0,0,2,2,1,0.6713525403812957,0.024411020962684993,green
19.07132231735379,72.7952731124187,2024-01-12 23:00:00,1,0,0,0.7879390033792825,0,2,22,0,0,0.8982160519529583,0.14623701661177874,orange
18.943270626064145,72.73977655710374,2024-01-13 00:00:00,2,1,1,0.8952397220059702,0,2,3,6,0,0.48360831243828784,0.39314115364511265,red
19.095416630284507,72.79726887639978,2024-01-13 01:00:00,3,0,2,0.5006425819049173,0,2,16,1,1,0.399051163352797,0.3762210032240266,red
18.815250124969527,72.98890677274225,2024-01-13 02:00:00,0,1,5,0.6462132367315918,0,5,21,5,0,0.9106532291115851,0.10442020821139603,red
18.818674094374607,73.0422785872425,2024-01-13 03:00:00,1,0,1,0.9447864345832593,1,2,5,0,0,0.18898572598867253,0.09839506679589971,orange
19.21130028032983,73.03208794582679,2024-01-13 04:00:00,2,0,3,0.5834221678448124,0,0,6,5,0,0.20539650835475004,0.3212899579022704,orange
18.980095320705633,72.85887341184738,2024-01-13 05:00:00,0,0,1,0.6051239351926968,1,2,14,6,1,0.3694120988362096,0.22904134483786526,orange
18.863530256325944,72.96723405462825,2024-01-13 06:00:00,0,0,5,0.5080226948815713,0,4,10,6,1,0.9637974835896866,0.3961449766654511,red
19.061121630027404,72.78199371816633,2024-01-13 07:00:00,1,0,2,0.8428278593752385,0,0,23,0,0,0.6697617488785963,0.012066389346276796,green
19.184996776549305,72.81725909210441,2024-01-13 08:00:00,0,1,0,0.6555828091247039,0,1,2,2,0,0.5987743269538583,0.30520593038028554,orange
18.907910513748423,73.05853432740844,2024-01-13 09:00:00,0,1,1,0.3122346055031524,0,3,5,4,0,0.7348207027198785,0.36533600611993794,red
19.1114452379095,72.7052007694043,2024-01-13 10:00:00,2,0,2,0.9199194991073645,0,1,1,0,0,0.4757271004703496,0.4966930560143345,orange
18.842673732496884,72.73420341234178,2024-01-13 11:00:00,0,0,0,0.645550512752229,0,0,13,3,0,0.7822661512787192,0.33939084711842343,green
18.825840860584304,72.78315450205841,2024-01-13 12:00:00,0,0,1,0.7514216125253299,0,1,8,6,0,0.45390762817558983,0.11592257827498315,green
19.065677315784075,72.71061288154954,2024-01-13 13:00:00,2,1,3,0.7421412438211823,1,1,17,2,1,0.8437268663708181,0.05409309744001939,red
19.070317560805055,72.77257417403592,2024-01-13 14:00:00,0,0,0,0.6044565697312245,0,2,18,6,0,0.3405655738688541,0.3204583873220377,orange
19.118714950749105,72.93321662438788,2024-01-13 15:00:00,0,3,0,0.9138866299006176,0,0,11,3,0,0.34979199336822187,0.261591533759108,orange
19.163045666861333,72.868569820237,2024-01-13 16:00:00,2,1,2,0.9014993834138443,0,1,12,2,0,0.5701449748840617,0.4495726442225082,red
19.287926039731268,73.05706868443079,2024-01-13 17:00:00,0,0,2,0.6613572976532042,1,1,11,6,1,0.48768504252556166,0.3633040105906375,green
19.058150174150597,73.02697742469537,2024-01-13 18:00:00,0,0,2,0.7235936420680745,0,2,11,3,0,0.6833042598562258,0.2548712250213103,orange
18.961478236470622,72.83672694067916,2024-01-13 19:00:00,1,0,4,0.713251336062467,0,4,17,3,1,0.4278616792062211,0.2017947353825738,red
19.197593097384352,72.80376937337252,2024-01-13 20:00:00,2,0,3,0.7356046381197823,0,2,8,6,0,0.3074955841633301,0.20218734978541014,red
18.935416125631036,72.8518769632669,2024-01-13 21:00:00,0,0,1,0.7055423294092188,0,0,16,6,0,0.522827706594611,0.11315214307561727,green
19.019485710352818,72.93611797700592,2024-01-13 22:00:00,0,1,3,0.6740174024436345,0,2,20,5,0,0.6048608495474316,0.008662985877848528,orange
18.839228190671133,72.80722545632915,2024-01-13 23:00:00,2,0,1,0.7773442104512678,0,1,15,0,0,0.2283400484467214,0.2874552941035531,orange
18.81267537170773,72.94965956313965,2024-01-14 00:00:00,1,0,3,0.8590172518547767,0,1,16,0,0,0.6010467631598488,0.1062073662616076,orange
19.28132420733896,72.8637646608765,2024-01-14 01:00:00,2,1,3,0.7576618004460467,0,0,20,2,0,0.38733103472310715,0.10416345886402073,orange
19.217990060256103,72.92081887234079,2024-01-14 02:00:00,2,0,2,0.9357205995372724,0,1,23,4,1,0.4532066963816571,0.06269061433824025,orange
19.147987103046848,72.87445061165413,2024-01-14 03:00:00,3,2,3,0.6470218511453375,1,1,7,6,0,0.35138631615695315,0.09479774508834637,red
19.004476472207134,72.81778630381677,2024-01-14 04:00:00,0,1,2,0.8784970844338656,2,1,10,5,0,0.9382692950137539,0.015894574777568837,orange
18.886647160035423,73.07938132278485,2024-01-14 05:00:00,1,1,3,0.7259875433346636,0,2,23,0,0,0.7150026531521925,0.337115724874266,red
18.878218521335544,73.0054423176639,2024-01-14 06:00:00,1,1,1,0.7121709638023316,0,1,1,0,1,0.33621428026061506,0.20069855815634713,orange
18.925121449082297,72.75604527030659,2024-01-14 07:00:00,1,0,3,0.8435677190202072,1,1,7,5,0,0.6805282010967552,0.28076229938657254,orange
19.07461333235306,73.04738719035916,2024-01-14 08:00:00,1,0,2,0.8484192818510747,1,3,11,1,1,0.8637151686238416,0.31847880901039977,red
19.157297961350032,72.89497247929981,2024-01-14 09:00:00,0,0,4,0.9096915344943783,1,2,20,5,0,0.4614671874994918,0.4862422811380796,orange
19.130098688358867,73.05782089075763,2024-01-14 10:00:00,0,0,3,0.81704943902695,0,1,0,0,0,0.8469617582405641,0.03413293292775049,green
18.93996694847297,73.01994210237892,2024-01-14 11:00:00,2,1,1,0.85527689177708,1,4,22,4,1,0.23897344990599315,0.208958842415719,red
19.277432640331597,72.87008540178769,2024-01-14 12:00:00,4,0,1,0.8408543977763069,1,1,12,1,1,0.8405032283795513,0.12294896676324052,red
19.168948458347884,72.70898772332805,2024-01-14 13:00:00,1,0,2,0.9504390616487844,0,1,21,3,0,0.5862648184051298,0.23835596592840708,orange
19.0771770262557,72.80747094375398,2024-01-14 14:00:00,3,0,4,0.826945221262787,0,1,20,5,1,0.3006770392089839,0.4602361503069441,red
19.105860373117178,72.91665368586435,2024-01-14 15:00:00,0,1,2,0.7886093715203695,0,0,16,3,1,0.46642724610032027,0.36199213262407565,green
19.009800031213896,72.95339128793046,2024-01-14 16:00:00,3,0,3,0.6412671541739877,0,1,13,1,0,0.989193693201955,0.33097479323994666,red
18.92386549475058,72.80315507417328,2024-01-14 17:00:00,0,0,1,0.6690448833819402,0,0,13,1,0,0.8052004149781835,0.2206229382155887,green
18.977986339325632,72.75574242962914,2024-01-14 18:00:00,0,0,2,0.5539454037439834,0,1,15,1,0,0.6175777252466037,0.33555624918721794,green
19.178923055232186,73.03397209471972,2024-01-14 19:00:00,2,0,4,0.738291315497492,0,1,16,2,1,0.20364752071407302,0.016187688637204045,orange
18.80719674431488,73.09376087228142,2024-01-14 20:00:00,2,2,4,0.41295146730977483,0,3,5,5,0,0.47603042461135026,0.2931193360149472,red
18.858036320253458,72.91027607292108,2024-01-14 21:00:00,1,1,1,0.881783164479356,0,2,6,6,0,0.33674636261074353,0.2768882812996241,red
18.823001321010878,72.76867171433932,2024-01-14 22:00:00,1,1,3,0.6530126462823529,1,0,0,4,1,0.16390097155485123,0.17332021598159641,orange
18.820364401159487,72.80892293060775,2024-01-14 23:00:00,2,0,0,0.6686192000377977,0,1,14,4,1,0.5879839498473834,0.1007570627120542,orange
19.227730292005504,72.70735627061899,2024-01-15 00:00:00,2,0,2,0.3750872135396553,0,2,19,3,0,0.9002671298567885,0.4037777754996505,red
19.151828929690012,73.06571952262419,2024-01-15 01:00:00,1,1,5,0.8478545062255406,0,2,20,3,1,0.7080398813567126,0.02693105722754824,red
19.037086914543664,72.74710043315606,2024-01-15 02:00:00,0,0,1,0.8114113452741261,0,6,17,6,1,0.32471234918246006,0.03483643221179389,red
18.848917080325503,72.9306065902057,2024-01-15 03:00:00,2,0,2,0.7455841067578888,2,1,12,3,1,0.6162261462584102,0.22026087199207328,orange
19.04580793755842,72.80962208827488,2024-01-15 04:00:00,1,3,2,0.7300143685333137,0,2,23,5,0,0.948910855012272,0.12627727370430253,red
19.036735885390282,72.92167120100632,2024-01-15 05:00:00,0,0,0,0.8407924715860077,1,4,1,0,0,0.7506235476306418,0.3727262067535102,red
18.88660093495501,72.96056815534074,2024-01-15 06:00:00,2,0,3,0.2500830925738141,0,0,18,3,0,0.7205265094660875,0.3170950384605955,orange
19.016925824618987,73.03189672148288,2024-01-15 07:00:00,0,1,1,0.6997376903261218,0,0,14,1,1,0.9713423496047646,0.3862673980633157,green
18.999252367198686,72.78256850870424,2024-01-15 08:00:00,0,0,4,0.8759276145591522,0,1,11,3,0,0.8189859800656223,0.16233947816890054,green
19.107925049026107,72.7043983314634,2024-01-15 09:00:00,2,1,5,0.455841707511804,1,3,14,1,0,0.22296118878887694,0.3702594698089337,red
19.117546825433823,72.75475425202752,2024-01-15 10:00:00,1,1,3,0.47945079909862176,0,0,17,2,1,0.41287157827858123,0.43115161801319946,orange
18.822652004886024,73.06000745673924,2024-01-15 11:00:00,1,1,2,0.8086639728876598,0,0,13,0,1,0.9686266306639175,0.17263724720928586,orange
18.987306307313236,73.049556031025,2024-01-15 12:00:00,1,0,0,0.5611160571858685,1,1,5,0,0,0.540734854778198,0.16994791058091668,orange
19.11292995785712,72.93896524086811,2024-01-15 13:00:00,0,0,3,0.801003787434222,0,0,11,6,1,0.20047370078906684,0.4499757019532131,green
19.051568129290043,72.94020674417347,2024-01-15 14:00:00,0,0,1,0.5255155603034298,0,1,19,5,0,0.5127443917051077,0.024895126593854566,green
19.22824492059416,72.9660146698185,2024-01-15 15:00:00,0,1,1,0.7415375212615289,0,2,22,5,0,0.7272939106637206,0.17509470286542217,orange
19.129346815809473,72.77014851144938,2024-01-15 16:00:00,2,0,1,0.6293581105917939,1,2,5,4,0,0.997793399513117,0.05933624603590204,red
18.881467213540716,73.06576477836998,2024-01-15 17:00:00,1,0,1,0.7656597474541711,0,2,8,2,1,0.39151478490688174,0.014490295124988117,orange
18.835284373700215,72.86750820995682,2024-01-15 18:00:00,2,0,2,0.5421272967721079,0,2,3,6,1,0.5626781873913463,0.05643470882341106,red
19.12120963910316,72.8532554112998,2024-01-15 19:00:00,1,0,2,0.8219850422247387,0,0,16,5,0,0.8917126341848145,0.21562289559013847,green
18.81325565527081,72.90756708211313,2024-01-15 20:00:00,0,2,1,0.5177929207555125,0,1,1,1,0,0.41974049625160015,0.34347803461389537,orange
19.092887790636734,72.71878638671002,2024-01-15 21:00:00,1,1,0,0.7146005154604602,0,0,15,2,0,0.19833540093177152,0.14464121222098147,orange
19.27011512071248,72.76651334750244,2024-01-15 22:00:00,1,2,5,0.6010115041557412,0,2,23,0,0,0.9540422875013536,0.42483765370056237,red
19.08773708893794,72.99521344657055,2024-01-15 23:00:00,1,1,0,0.9039515827580443,0,2,13,1,1,0.5395967260421501,0.218807814369175,red
18.994084963103262,72.73311946717006,2024-01-16 00:00:00,1,1,0,0.7916758366505231,0,2,7,6,0,0.5525053396947746,0.4841140254808718,red
19.121644109221176,72.94126084378655,2024-01-16 01:00:00,1,0,1,0.6492380924934275,0,1,13,6,0,0.659080130143764,0.47707783472185,orange
19.02912644524576,72.79813964387253,2024-01-16 02:00:00,1,0,1,0.9544052372507124,0,3,1,2,1,0.10318296133290215,0.38663811133340753,red
19.07280839465797,72.85571824561679,2024-01-16 03:00:00,2,2,3,0.5842308458925691,0,2,15,0,0,0.9380180580119643,0.4662027480733091,red
19.270732404388262,72.81547749470828,2024-01-16 04:00:00,2,1,1,0.7430948564395801,0,2,3,5,0,0.42530597629708755,0.3535480380805558,red
18.99305131890039,72.84226908658599,2024-01-16 05:00:00,0,1,0,0.5793056781850261,0,3,0,1,0,0.45723867614591374,0.4477915949955907,red
19.280595281911957,72.98761836207369,2024-01-16 06:00:00,0,0,1,0.5455969143518614,0,2,22,1,0,0.2566983227799115,0.11823685868315326,orange
19.25267532097803,72.81884868624927,2024-01-16 07:00:00,3,0,4,0.44891123814956946,0,0,19,0,0,0.4403364519632149,0.17271010008839932,orange
18.89789556739465,72.92656185611875,2024-01-16 08:00:00,1,1,2,0.968327312193754,1,1,13,1,1,0.8235491776984468,0.3764650330024308,orange
18.834680650437583,72.89042016087964,2024-01-16 09:00:00,0,0,0,0.7356537333408869,1,1,7,5,1,0.8199925052999814,0.21228061910327856,green
18.850389000688715,72.96546846614505,2024-01-16 10:00:00,1,0,3,0.5790545385349102,0,1,2,5,1,0.9422171568059075,0.41866371691225895,orange
18.809110912825776,73.0747318957299,2024-01-16 11:00:00,0,1,1,0.7226484987554143,0,0,4,5,1,0.46290652541271626,0.43881943579388755,green
18.847221480377964,72.9930288388841,2024-01-16 12:00:00,4,2,1,0.7152503193890041,0,0,5,0,0,0.7378493533737259,0.14986474236046243,red
19.14150338670818,72.7859761514363,2024-01-16 13:00:00,1,0,0,0.9173323703179911,0,0,21,3,1,0.5565137996868014,0.41172540409478675,green
18.835594324230115,72.71247325402452,2024-01-16 14:00:00,1,1,3,0.44102333864406934,0,2,7,3,1,0.8236205105672179,0.07713213553257503,red
18.959487815146883,72.80490561771992,2024-01-16 15:00:00,1,0,1,0.6287221589596449,1,5,5,6,1,0.7412878082196972,0.16709835576842452,red
19.22243765548473,72.9380311722801,2024-01-16 16:00:00,1,1,0,0.6679029564348227,2,2,5,6,1,0.4311126327576481,0.2589824755606945,red
18.811635967867915,72.72057032539371,2024-01-16 17:00:00,1,0,2,0.8538198169748961,1,1,3,1,1,0.4030064508283232,0.11322188105194608,orange
19.20723424129447,72.89854649888049,2024-01-16 18:00:00,0,2,3,0.37589408927089996,1,2,6,5,1,0.3271982167251708,0.28963391478759964,red
18.9409273873867,72.93873713956675,2024-01-16 19:00:00,0,1,1,0.7987141156790496,1,1,23,1,1,0.618864211439774,0.2893475393588233,orange
18.859082413810828,72.83369755632678,2024-01-16 20:00:00,0,0,5,0.9458624370405491,1,3,18,0,1,0.9674585664344736,0.10345144742545287,orange
19.148368582682075,73.00836488149832,2024-01-16 21:00:00,0,0,3,0.4310078761402294,0,0,6,1,0,0.2800600638558094,0.39782067244272834,green
19.114471423389944,72.7426393012535,2024-01-16 22:00:00,1,1,3,0.9210870748678794,1,0,2,4,1,0.1857272094138927,0.31582224470574843,orange
19.238736006763528,72.73005511269433,2024-01-16 23:00:00,1,0,4,0.9674712719814352,0,0,7,3,0,0.20746057786868227,0.15888025341247713,green
19.167535521901943,72.99127550248144,2024-01-17 00:00:00,1,0,1,0.686263736997143,0,1,0,1,1,0.8047888086251349,0.11609239173514596,orange
19.201740465192426,72.89819652648248,2024-01-17 01:00:00,2,1,2,0.929645762066773,0,2,0,1,1,0.41509432385610734,0.43937506941724674,red
18.941017286285653,72.97536095857109,2024-01-17 02:00:00,0,1,2,0.8763324307560667,1,0,13,2,1,0.30193014492314174,0.41787112261232634,green
18.88871977188986,72.87393093544149,2024-01-17 03:00:00,1,1,2,0.799614658701736,1,1,5,1,0,0.41755970653615004,0.11488033742776316,orange
19.17530737582043,72.79856081329564,2024-01-17 04:00:00,1,2,2,0.8571683839923204,0,0,9,4,0,0.6807977315465695,0.017802613258254385,orange
19.203417369633634,73.02764092706967,2024-01-17 05:00:00,0,1,3,0.44621835376042934,0,0,13,3,1,0.5921084123454554,0.40226629787156193,green
19.295252571000336,73.01976635158759,2024-01-17 06:00:00,1,0,3,0.5794265350276107,1,2,3,2,0,0.7692304658691034,0.30775427763252156,orange
19.006308838455713,72.97787858834177,2024-01-17 07:00:00,1,0,2,0.8437560678638815,1,1,5,0,1,0.4051667336335987,0.05044101402672985,orange
18.98600904289639,72.80885805489199,2024-01-17 08:00:00,1,0,3,0.4970801491507958,0,2,15,6,0,0.5068257161182169,0.29367910310944756,orange
19.188206480371,72.93609226674764,2024-01-17 09:00:00,1,0,1,0.5926521720884691,0,2,20,0,0,0.19177153206663117,0.22609134268084713,orange
18.97040177012651,72.84438955877602,2024-01-17 10:00:00,3,1,3,0.6172271413935887,0,1,0,3,0,0.1657527814295033,0.3872751637368458,red
19.265378662801783,72.73663282933066,2024-01-17 11:00:00,0,1,5,0.8514032028092963,0,1,5,6,1,0.5160297185596905,0.10454242107936501,orange
19.229206375921507,73.0669254301849,2024-01-17 12:00:00,0,0,0,0.8863095868340188,0,1,8,0,0,0.3714369467013312,0.22657837215251325,green
19.01449701368751,72.75472745236759,2024-01-17 13:00:00,0,1,1,0.819833657760187,0,1,14,4,0,0.6515205149225177,0.07812205712595838,orange
19.17543553389575,73.08009494152832,2024-01-17 14:00:00,0,0,2,0.3102814785253084,1,0,11,1,1,0.13870194890011472,0.4787636139054233,green
19.177271437042343,72.87840230918319,2024-01-17 15:00:00,1,1,0,0.7307470831118922,0,3,2,3,0,0.20958973983960888,0.38936907846258206,red
18.851561934417965,72.77405317153544,2024-01-17 16:00:00,0,0,2,0.7164258585691677,0,0,10,6,1,0.8786717299957556,0.36836121325069826,green
19.251276453339784,72.91676037895134,2024-01-17 17:00:00,1,0,0,0.969171746999846,0,2,14,2,1,0.6096804593671941,0.345103332510401,orange
19.05262618622393,73.04917833435056,2024-01-17 18:00:00,1,1,2,0.7831504758188931,1,1,2,1,0,0.7408490803221045,0.21166822123319085,orange
19.21322873305387,72.99288995456382,2024-01-17 19:00:00,1,1,1,0.8007416452107224,1,5,13,0,1,0.8577749068365661,0.46164120785157237,red
18.960024800515306,73.02262445914458,2024-01-17 20:00:00,0,0,3,0.7156912995028678,0,1,1,0,0,0.5174509086550471,0.036458505963502696,green
19.247761614248102,72.96351334668428,2024-01-17 21:00:00,1,0,2,0.8913075678703527,0,2,3,2,0,0.7849543455707285,0.4016295358394759,orange
18.99460083936708,72.97691062580714,2024-01-17 22:00:00,1,1,5,0.8078508079889152,0,1,18,4,1,0.5721270211661719,0.10761636605286634,orange
18.80541882574015,73.03967826062612,2024-01-17 23:00:00,0,0,3,0.7199942536168762,0,1,11,2,0,0.3004738932463335,0.162013977816924,green
19.252690988209633,72.79986720354367,2024-01-18 00:00:00,1,0,1,0.8260945711489482,1,1,1,3,0,0.40389055192084555,0.25971486448365416,orange
18.845643338393067,72.89576998545725,2024-01-18 01:00:00,2,0,1,0.75993400259184,0,1,16,2,1,0.5413153969500948,0.3913275055277898,orange
18.959656818795207,72.78848377672784,2024-01-18 02:00:00,1,1,3,0.9468589754544118,0,1,2,0,1,0.3851969969550437,0.4192674538268683,orange
19.275030983525404,73.09506720319865,2024-01-18 03:00:00,1,0,0,0.8271995382958871,0,0,9,4,0,0.4019749222149085,0.29186612508006243,green
19.27530357346878,73.07762373587464,2024-01-18 04:00:00,2,0,0,0.6704523956099853,0,1,15,4,1,0.40365354812388976,0.2015177444673426,orange
19.086718944061644,72.71577072454741,2024-01-18 05:00:00,1,1,1,0.8288165979333161,0,1,21,5,1,0.21055598097139377,0.47325121070160503,orange
19.1159186060849,72.98223006900628,2024-01-18 06:00:00,1,0,1,0.6238828766342115,0,2,8,2,1,0.17617834649102623,0.12326064791968416,orange
19.02422276098916,73.07009932696626,2024-01-18 07:00:00,2,1,2,0.6856098859213948,0,0,10,3,1,0.14184643572217392,0.4015472879403177,orange
18.946605385849033,72.77223013805093,2024-01-18 08:00:00,0,0,4,0.8752597306668105,0,2,20,0,0,0.19986063493090309,0.3060248107240766,orange
18.96433227268496,72.92717809222106,2024-01-18 09:00:00,0,0,2,0.8109588427406655,1,2,14,1,0,0.4093363829220562,0.18844750844260688,orange
19.13625922803852,73.06619531903522,2024-01-18 10:00:00,0,0,6,0.7056574097353917,0,1,2,4,1,0.6344846252047514,0.0006839921817684003,green
19.17618726471884,72.71357839143432,2024-01-18 11:00:00,0,0,1,0.5252300158741373,1,1,15,2,0,0.2693322344884681,0.2232996506743134,green
19.195789521862924,72.97896810689873,2024-01-18 12:00:00,2,0,2,0.7777182117850757,0,3,20,5,1,0.8992079614023741,0.13835999877114963,red
19.194809071397277,72.81893960294902,2024-01-18 13:00:00,0,0,1,0.6864373317707485,0,3,20,3,1,0.8275441881155045,0.052173306662780305,orange
18.845603051524346,73.0697584781506,2024-01-18 14:00:00,2,0,3,0.6567883197567269,0,1,20,3,0,0.5684744015282472,0.037579282669042424,orange
19.04721015235129,73.08842329806615,2024-01-18 15:00:00,2,0,3,0.9275617996320366,0,2,11,6,0,0.7517888477320239,0.17377916365580098,red
18.828779380008324,73.07770659564537,2024-01-18 16:00:00,1,2,2,0.4770859105742661,1,0,22,0,0,0.4296956722288826,0.3073786943703243,orange
19.074764441161868,72.88968568666299,2024-01-18 17:00:00,0,0,4,0.6202721598365964,1,3,4,4,0,0.13310001345978092,0.4187596576823868,orange
19.02076525068669,73.04481706039572,2024-01-18 18:00:00,3,0,2,0.9174558359147428,0,1,6,0,1,0.9138995627792859,0.09178162247366345,red
19.24385209137915,73.03781975941402,2024-01-18 19:00:00,1,1,3,0.6150913974635859,0,2,8,5,1,0.21501413943203979,0.21232198565452481,red
18.97545750627604,72.8276401892973,2024-01-18 20:00:00,1,0,2,0.5489793526428729,2,0,20,1,0,0.9531436117416863,0.1959780700710761,green
18.858533508213803,73.03156618966027,2024-01-18 21:00:00,2,0,2,0.6346594861716802,1,1,17,1,1,0.6146943294394991,0.2566970046042578,orange
18.87149584102642,72.7148030538862,2024-01-18 22:00:00,0,1,1,0.8857062375584703,0,1,20,1,0,0.3750067549192869,0.4047936354047764,orange
19.180755315858736,72.93850795139282,2024-01-18 23:00:00,1,0,3,0.7633403535508828,0,2,7,3,0,0.5459721609806603,0.2768226089996174,orange
19.109109031658132,72.79200353491508,2024-01-19 00:00:00,0,0,3,0.6357641788039666,0,1,11,4,0,0.5514668280307847,0.4233274567511471,green
18.850561338061397,72.74822675431092,2024-01-19 01:00:00,0,1,2,0.7498505140883278,0,1,19,0,1,0.12095837149832372,0.25927587803448887,orange
18.8420534030575,72.73078128065168,2024-01-19 02:00:00,0,1,0,0.8954207465225513,0,3,1,0,1,0.41991386669572484,0.30192368259063573,red
19.15048456572956,72.97851551035126,2024-01-19 03:00:00,2,1,1,0.6293294536212161,0,2,9,5,0,0.7658792195886257,0.21869162124649488,red
18.836381503182096,72.83594998550723,2024-01-19 04:00:00,3,0,1,0.592900481589481,0,1,18,1,0,0.5590622700556371,0.41154779014781684,red
19.21093002964518,72.9899067086115,2024-01-19 05:00:00,2,0,5,0.8077964763471907,0,3,8,4,0,0.31980710530862577,0.4619136031823263,red
19.153121113578248,72.72614253631959,2024-01-19 06:00:00,0,2,1,0.6782322753388702,1,2,23,4,0,0.40159887403324956,0.3195723690615728,red
18.84067439032095,72.82611613513224,2024-01-19 07:00:00,0,0,3,0.56420128312281,0,0,7,5,1,0.8767489538043542,0.41039122458645194,green
18.842418857042595,72.91579651695014,2024-01-19 08:00:00,2,3,2,0.6644793264161643,0,0,23,2,1,0.5729947031352066,0.029501666999550147,red
19.29331978925059,73.01628926593558,2024-01-19 09:00:00,1,0,3,0.5481154787472411,0,1,23,4,0,0.5755169102961124,0.4530558757233288,orange
18.98713539787806,72.82750100117283,2024-01-19 10:00:00,2,1,4,0.8028569321780248,1,1,23,4,0,0.9653207131459091,0.09446253341956229,red
18.985321073533445,72.9503565505748,2024-01-19 11:00:00,2,0,3,0.7710827761107304,1,1,0,0,1,0.388793259132979,0.12826021366290397,orange
19.20639978362875,73.05439109929446,2024-01-19 12:00:00,1,0,3,0.9383679973733711,0,1,5,5,0,0.5315870125956056,0.02666503410337312,orange
19.27362428869193,72.94634527527292,2024-01-19 13:00:00,2,0,2,0.8594586802174443,0,1,11,4,1,0.8305422379487506,0.4827000584870295,orange
19.293000531911435,72.79318378990145,2024-01-19 14:00:00,1,0,3,0.5883455393444762,0,1,23,4,1,0.7830210239983267,0.4260054247441882,orange
19.17668909262947,72.70976031262262,2024-01-19 15:00:00,2,0,2,0.5152390994503011,0,3,18,0,0,0.33921947973580535,0.4565923020455419,red
18.98812979276546,73.04803954956037,2024-01-19 16:00:00,2,1,2,0.5350682113667775,0,1,16,4,1,0.23598194284484725,0.4236080838800075,red
18.841750358349334,72.70850776434015,2024-01-19 17:00:00,2,1,5,0.6668174881968011,0,2,1,0,1,0.7306341185686315,0.23976527636064443,red
19.18857345796372,73.04988066907367,2024-01-19 18:00:00,1,2,4,0.8631051580286453,0,0,10,2,1,0.3318905591264753,0.4620409670453817,orange
19.079202124867905,72.91157485361089,2024-01-19 19:00:00,0,0,1,0.9591505276007669,1,0,17,3,1,0.930408245671817,0.48473641021359415,green
19.01211100462349,73.07562707940515,2024-01-19 20:00:00,0,0,2,0.7278006242320482,0,0,22,6,0,0.2163229245903035,0.2512834883946988,green
19.25317719254737,73.01951329430946,2024-01-19 21:00:00,2,0,3,0.5501853844461739,0,3,21,0,1,0.38648368012129886,0.0878123906644191,red
18.855598741153077,73.09917364421332,2024-01-19 22:00:00,1,2,2,0.81739372416179,0,2,10,0,1,0.1493085222324224,0.3293112544815472,red
19.04631255214543,72.84028472618068,2024-01-19 23:00:00,0,0,2,0.8605942036942265,0,1,17,4,1,0.7329747761770403,0.4877191449267853,green
18.80567682238371,73.00687531557244,2024-01-20 00:00:00,2,0,0,0.9224175957864069,2,0,7,0,0,0.9021363840238584,0.4360734299294375,orange
19.034330320997064,72.8607723654437,2024-01-20 01:00:00,3,1,3,0.6954020140841422,0,0,14,5,0,0.6722870745979063,0.43090758807295376,red
18.828151637840918,72.89195024812156,2024-01-20 02:00:00,1,0,2,0.3121664805139542,0,2,8,1,0,0.9439777139603353,0.466909008403641,orange
18.859408958134036,72.95100218528735,2024-01-20 03:00:00,2,1,3,0.28375139287438766,0,2,14,1,1,0.2156535806510887,0.44697613027627353,red
18.858763123388552,73.04947084567453,2024-01-20 04:00:00,0,0,2,0.5541108515760089,0,0,6,2,0,0.17896053453642902,0.38814083200914645,green
19.12460515105803,73.09363338767972,2024-01-20 05:00:00,1,1,3,0.6964886425619813,0,2,19,0,0,0.8545714580506337,0.3591364160809136,red
19.173022439632714,73.00730936554581,2024-01-20 06:00:00,2,0,2,0.901896436300885,0,2,12,5,0,0.8699600578478569,0.13238358687237717,red
19.091684382548582,72.86710671286693,2024-01-20 07:00:00,1,2,2,0.624713260634122,0,1,12,4,1,0.8479355743964153,0.3106700107142246,red
19.28108627423727,72.86854280091083,2024-01-20 08:00:00,3,0,2,0.8933109989515975,0,1,0,4,0,0.8190684122803711,0.26074431085294475,red
18.98743528976185,72.99503292063555,2024-01-20 09:00:00,0,0,3,0.8145143594963011,0,2,19,6,0,0.42600552754479415,0.4309720457904956,orange
18.94285604314093,72.79551085830732,2024-01-20 10:00:00,2,0,2,0.6318061546353155,0,3,3,3,0,0.29571587523224896,0.245856286745036,red
19.23429956409473,72.74418964525256,2024-01-20 11:00:00,0,0,1,0.8270735688006766,0,3,23,2,1,0.935923617998011,0.06387138177134455,orange
18.911797919259726,72.84184886305631,2024-01-20 12:00:00,2,0,1,0.7732231850870134,1,2,3,5,1,0.37630016456350057,0.002486242661174587,red
19.281611269720308,72.81489559666163,2024-01-20 13:00:00,0,0,3,0.8811782502352599,1,2,3,5,0,0.45856691394762905,0.3389365602343326,orange
18.80607723734491,72.8185232481824,2024-01-20 14:00:00,2,1,0,0.7518698360449738,0,2,12,6,0,0.7296030635064699,0.27495419356358075,red
19.284939413353822,72.79344310041996,2024-01-20 15:00:00,0,1,0,0.8086347977171185,0,2,1,6,0,0.36402047199458887,0.16548145217922416,orange
18.821579955975288,72.71683727585454,2024-01-20 16:00:00,0,3,3,0.4299921968369333,0,4,22,4,1,0.8372171994049011,0.08448607501894517,red
19.245571556849036,72.70714957389337,2024-01-20 17:00:00,0,1,2,0.8747790852827905,1,0,14,3,1,0.16303116126860312,0.23335766120195106,green
19.06385055454315,73.09508895589441,2024-01-20 18:00:00,1,0,2,0.7563568106719536,0,1,3,4,0,0.812064400650041,0.050143236239452826,orange
19.296482398059652,72.87110925349434,2024-01-20 19:00:00,2,1,0,0.8348676585730097,0,1,5,3,1,0.6416661903560238,0.16805424461057156,red
18.8368982823677,72.85373065886387,2024-01-20 20:00:00,3,1,2,0.5875724363469984,1,0,2,1,0,0.6156942797022336,0.1896059531178172,red
19.07692714220066,72.97185891307723,2024-01-20 21:00:00,0,0,1,0.8880105434170363,2,1,6,5,1,0.5125393352247947,0.23280934741898107,green
19.28465126780955,72.78730155514603,2024-01-20 22:00:00,1,0,2,0.45061947375610517,2,3,5,6,0,0.3493410366550802,0.23331037566942342,red
19.061548922085073,73.07998447358008,2024-01-20 23:00:00,1,1,3,0.6667913855124249,0,2,2,1,1,0.517663256888113,0.12850282173713862,red
19.114699319067633,73.01453800576621,2024-01-21 00:00:00,0,0,1,0.8964576049765773,0,0,3,4,0,0.5050256608168187,0.4251054908009938,green
19.14787434449231,72.73576440092491,2024-01-21 01:00:00,1,0,5,0.8673906642410062,0,3,9,2,1,0.6253787699047629,0.1777717531283728,red
19.027270532383888,72.86703231031397,2024-01-21 02:00:00,1,0,1,0.5453972832512601,0,3,20,0,0,0.3534168572699772,0.11479365444625816,red
19.113779040042033,73.05164732302487,2024-01-21 03:00:00,2,1,2,0.6609553055093229,0,1,8,2,0,0.16983602377853413,0.08790494170529511,red
19.09215715596155,73.07789280891656,2024-01-21 04:00:00,0,1,2,0.7919268829976335,0,4,5,2,0,0.23058050197522445,0.1612891972516678,red
19.250579005245495,72.88696060449995,2024-01-21 05:00:00,0,1,1,0.9400767392962003,0,1,19,0,0,0.7292596883154155,0.033776441488767184,orange
18.82272319017073,72.94536455568428,2024-01-21 06:00:00,0,1,3,0.8875430017008521,0,3,10,5,1,0.12024309667198645,0.01645376149048583,red
18.940481594796115,72.76681357843682,2024-01-21 07:00:00,0,0,1,0.8207081059377743,1,2,6,1,0,0.870798740180887,0.30257109840143387,orange
19.27520574203828,73.09646745045478,2024-01-21 08:00:00,4,2,1,0.7271483201553214,0,3,17,1,1,0.724957594731922,0.309573568024595,red
19.24513189194546,72.79266868055338,2024-01-21 09:00:00,1,1,1,0.4838588295403658,0,1,3,5,1,0.7912778871769446,0.2647941013191448,orange
19.027828376392858,73.07709270965404,2024-01-21 10:00:00,2,0,1,0.4403659146076873,0,1,4,0,0,0.8523860041841274,0.38114259761586217,orange
19.11006629890077,72.95985865959695,2024-01-21 11:00:00,0,0,4,0.5968679856546172,1,0,3,3,0,0.21043939953716306,0.01957527213853899,green
18.938690591490566,72.94309471795154,2024-01-21 12:00:00,1,0,0,0.6476796160376396,0,1,3,2,0,0.8402059818730596,0.46798655410473383,orange
18.894060579861883,72.9050754044066,2024-01-21 13:00:00,2,0,1,0.6206916328992986,2,4,12,4,0,0.5541781938931507,0.04753256162853026,red
19.031849202469992,72.79226792468711,2024-01-21 14:00:00,1,0,1,0.5302308769721726,1,1,15,1,1,0.8969714548778773,0.3370114971967968,orange
18.976676114013028,72.77061121280221,2024-01-21 15:00:00,1,0,1,0.37849350920365665,0,2,13,5,1,0.8979279409543092,0.06669829447040465,orange
19.091828055925436,72.78819448362808,2024-01-21 16:00:00,2,1,1,0.5421428821963367,0,2,10,4,1,0.12176023937875319,0.4399527166538962,red
18.838867318482492,72.7745753048577,2024-01-21 17:00:00,1,1,1,0.9901003480838929,0,1,1,6,1,0.444578693935185,0.25535664347251563,orange
19.287197403833083,73.0118337894267,2024-01-21 18:00:00,3,1,0,0.8239765433857025,1,3,21,0,0,0.5737589162787461,0.04114677050898802,red
19.2931053722398,72.8400501036667,2024-01-21 19:00:00,2,0,3,0.41470054681618934,0,1,13,4,1,0.7105240808046117,0.3083620563500368,orange
19.149080857009874,72.72313707062536,2024-01-21 20:00:00,1,0,0,0.9197147211996719,1,0,23,4,0,0.35756762201572057,0.004554971941100827,green
19.06804818317206,73.08764105205631,2024-01-21 21:00:00,1,0,3,0.5495766212673947,2,5,23,2,0,0.3269280345981871,0.3880110892201223,red
18.954763808143163,73.05351435398536,2024-01-21 22:00:00,2,0,1,0.47335855141881633,0,1,6,0,1,0.4431391471801426,0.3252924933230617,orange
19.206897509853476,73.07110091327807,2024-01-21 23:00:00,0,1,6,0.2758299785540607,0,1,10,4,1,0.5508448225749051,0.10631237468175364,orange
19.14236558627694,73.09796312905857,2024-01-22 00:00:00,0,1,1,0.9088526805715118,0,1,3,1,1,0.956031608264872,0.18737545808804684,orange
18.881308469672447,72.7695580996878,2024-01-22 01:00:00,1,0,2,0.858298066150418,0,1,6,0,1,0.7858976200276937,0.0039033472444451323,orange
19.255463592246922,72.85849680756107,2024-01-22 02:00:00,1,0,1,0.73941717147013,0,1,15,1,1,0.48638905024393475,0.3468419074856025,orange
19.211268621461585,73.00329539028164,2024-01-22 03:00:00,0,0,1,0.897910268936181,1,0,5,5,1,0.1489295605961654,0.16133406875485962,green
19.274899956645964,72.97840824722151,2024-01-22 04:00:00,1,0,4,0.549765435506955,0,2,5,5,0,0.2516685329293834,0.2857944576483596,orange
19.16285975419418,72.76155836253595,2024-01-22 05:00:00,3,0,1,0.6747891464155392,0,2,1,6,0,0.5103319818874753,0.47836381395723143,red
19.106707597967894,73.02633324999624,2024-01-22 06:00:00,1,0,2,0.7790099572511235,0,1,23,3,0,0.8324433100888339,0.1497333564737925,orange
19.00912151814531,72.78977622873467,2024-01-22 07:00:00,0,0,3,0.786637741573654,1,3,7,5,1,0.4426259821096096,0.49511894204365914,orange
19.266364241677007,72.78952704592905,2024-01-22 08:00:00,0,0,0,0.6371005102330926,0,1,6,4,0,0.5846469856705537,0.3163641930037832,green
19.233031944750206,72.91478976915737,2024-01-22 09:00:00,1,2,1,0.9199867958955543,0,0,23,0,0,0.9026243974765918,0.12104433314275248,orange
18.822609335053095,72.93717597393668,2024-01-22 10:00:00,3,2,1,0.5953354209373742,0,3,13,5,0,0.922416633483966,0.21838894151062888,red
18.813183487248626,72.93203448313513,2024-01-22 11:00:00,0,0,1,0.9409577477027204,0,3,8,1,0,0.29419749679842044,0.37022656119179487,orange
18.988231683439025,72.7365947349591,2024-01-22 12:00:00,2,0,3,0.8811210042934698,0,0,14,4,0,0.13923542961333496,0.22323895384154063,orange
19.20527666539092,73.05098434505214,2024-01-22 13:00:00,0,2,1,0.8575903959937323,0,1,21,5,0,0.3748694778743634,0.034253783670776194,orange
19.293638064657472,72.80624001703548,2024-01-22 14:00:00,4,0,2,0.3676930147030134,2,2,17,2,1,0.7262220833432022,0.08430183069127117,red
18.875208445551763,72.75180596851312,2024-01-22 15:00:00,1,0,3,0.5749095772042654,1,1,11,1,1,0.9560009808786398,0.39564887289197276,orange
19.09706535767607,73.05549923194759,2024-01-22 16:00:00,0,0,1,0.5578868392784313,0,0,22,6,1,0.16932879998570255,0.3241865378590307,green
18.99044542831551,73.0822605992919,2024-01-22 17:00:00,1,0,2,0.6407829062707721,0,0,18,6,0,0.12563542949434436,0.28491273866606687,green
19.284957198907303,73.04485104690617,2024-01-22 18:00:00,2,1,3,0.764396810598541,0,2,12,6,1,0.8957324916871496,0.08381098537770065,red
19.221059461567854,73.02380642988994,2024-01-22 19:00:00,2,2,1,0.5304249780676628,0,3,6,1,1,0.773330742192827,0.4188787226751697,red
19.21916435235557,72.96209679225561,2024-01-22 20:00:00,1,0,2,0.5026463878841413,0,0,9,6,0,0.9930237212400178,0.48037005479312506,green
19.034346579897488,72.92034294824366,2024-01-22 21:00:00,1,1,3,0.6426950942869315,0,0,9,3,1,0.45711359331908785,0.020443548745334772,orange
19.007409751168833,72.73479470396457,2024-01-22 22:00:00,1,1,2,0.5762363344223097,1,1,1,2,0,0.47444581462309243,0.03901593532692765,orange
18.936703535965353,72.86338128522829,2024-01-22 23:00:00,3,1,0,0.7562156582716282,0,3,13,3,1,0.25508065356770465,0.4423622516572824,red
18.828187748325465,72.84907540680493,2024-01-23 00:00:00,1,0,3,0.24579409510970907,1,0,12,5,0,0.20426243733760463,0.40777612701606414,green
19.232361188127527,72.80390151350413,2024-01-23 01:00:00,0,0,2,0.8087988327417452,0,5,21,2,0,0.6208462095312142,0.30896722775564683,red
19.20645050456504,72.98936804547543,2024-01-23 02:00:00,0,0,2,0.7967567970301485,1,1,5,1,1,0.42785650116534935,0.47248260449306895,green
19.299858836643065,72.8983502940315,2024-01-23 03:00:00,0,1,0,0.6723800956889447,0,1,8,3,0,0.17228480315072056,0.3232152889960016,orange
19.298318418536955,72.73241848636306,2024-01-23 04:00:00,1,0,1,0.8056417416286377,0,3,12,4,1,0.8982883625709879,0.10799263786475166,red
19.077715852801315,72.78807328077993,2024-01-23 05:00:00,0,0,0,0.8395814399380263,1,1,8,2,0,0.27852082142439977,0.3643211618584501,green
19.184493707590256,72.97330350546383,2024-01-23 06:00:00,0,0,1,0.8145263258793876,1,0,12,1,1,0.7737259123031796,0.32285517237281863,green
19.272382864941214,72.73045234379612,2024-01-23 07:00:00,1,0,1,0.8810850010457664,0,1,4,0,1,0.3540057365063001,0.4928723510050147,orange
19.224823695338706,73.0404827656195,2024-01-23 08:00:00,1,0,2,0.72432742097206,1,1,13,2,0,0.8316143476775192,0.10694786818739588,orange
18.9236740508716,72.89805861080559,2024-01-23 09:00:00,1,1,3,0.697698022231626,0,1,4,2,1,0.20655715728488866,0.2989424681812995,orange
19.02527206765505,72.89223463093066,2024-01-23 10:00:00,0,0,3,0.5629119904050397,0,2,8,5,1,0.7804644491995854,0.39008376111256127,orange
18.86457970757575,72.93696311386381,2024-01-23 11:00:00,1,0,2,0.2229198795568796,1,1,7,4,1,0.18830698651046118,0.1694915446690854,orange
19.27702551362936,73.02987238637006,2024-01-23 12:00:00,0,0,2,0.9001966154961385,0,0,6,5,0,0.502224209071249,0.18983979154911884,green
19.10308731722544,72.83912368316088,2024-01-23 13:00:00,0,0,4,0.6119664730219647,0,2,7,6,0,0.7606039155396441,0.44395091916416035,orange
18.91432140275173,72.97120646102363,2024-01-23 14:00:00,0,1,1,0.8696099869420423,1,1,21,2,1,0.2558965430682105,0.20209743980444067,orange
19.13585034220293,72.92629278559832,2024-01-23 15:00:00,0,0,3,0.6589108483490911,0,2,2,2,1,0.35709848996205074,0.3123664259478072,orange
19.10906412022895,72.80681130806776,2024-01-23 16:00:00,0,0,3,0.8872000277288936,0,2,22,6,0,0.8782902928829779,0.4446190687634128,orange
18.979081359016423,73.05145199454206,2024-01-23 17:00:00,2,0,4,0.617527671539035,0,1,23,4,0,0.8966073888168814,0.10491329154528067,orange
18.856778796099814,73.01897040864277,2024-01-23 18:00:00,0,0,2,0.8058063561857409,0,1,14,4,1,0.14044190720745361,0.4909386481763029,green
19.1357865977964,72.96338073386337,2024-01-23 19:00:00,2,1,4,0.7095057888707365,0,0,7,3,0,0.2512815268176778,0.3509767669851629,orange
19.060153850451897,73.0402326916377,2024-01-23 20:00:00,1,0,3,0.6502240687098935,0,2,0,1,0,0.20572474624557313,0.2480608470707224,orange
19.18615919586782,73.04691768038391,2024-01-23 21:00:00,0,0,2,0.6139492409565789,1,1,6,1,1,0.26172378518617273,0.21546028217549884,green
19.060081750555998,72.98334519068601,2024-01-23 22:00:00,2,0,3,0.5396112341332098,0,4,18,3,0,0.9731689518756452,0.47718230777575227,red
19.22609075015927,73.03480533134547,2024-01-23 23:00:00,2,0,2,0.7172780641504304,1,1,1,1,0,0.5964897239114109,0.10286241376483318,orange
19.075953419387243,72.9789885846677,2024-01-24 00:00:00,0,1,2,0.8124150850081667,1,3,13,2,0,0.5213011514094341,0.15584162842298066,red
19.080468985767695,72.97205630870411,2024-01-24 01:00:00,1,0,4,0.9611310148091655,0,1,17,3,1,0.9860206357833545,0.15389637777396237,orange
19.238326801329173,72.94744455128607,2024-01-24 02:00:00,2,0,4,0.5935724304734973,2,2,14,3,0,0.6012605168746619,0.14450316736723173,red
19.0017414331062,73.00108665582306,2024-01-24 03:00:00,1,0,1,0.495711310235547,0,2,13,1,1,0.695006134610972,0.2342690226078446,orange
18.867007614225322,72.76344204211723,2024-01-24 04:00:00,3,1,1,0.38788182217419875,0,4,23,0,0,0.39949349144426216,0.4945896166339166,red
18.81439133815667,73.05234830367957,2024-01-24 05:00:00,1,0,0,0.5088655621270421,0,1,18,1,0,0.4439033780585667,0.4443933833581087,orange
19.17756862783681,73.04873741109809,2024-01-24 06:00:00,0,0,3,0.7023572628842095,0,0,18,5,1,0.6349684454281658,0.16397478416074307,green
19.110154775676733,72.71169891321382,2024-01-24 07:00:00,0,0,1,0.6800143486173388,0,3,21,0,1,0.16280720560041828,0.21143505786506883,orange
19.152039884049614,73.0303267002259,2024-01-24 08:00:00,2,0,6,0.7711527056085214,1,6,16,3,1,0.33029459744029765,0.3347403731929657,red
18.906482080754458,72.75154794698938,2024-01-24 09:00:00,1,0,1,0.5234996111754139,0,1,21,0,1,0.2771305745142764,0.008575840348307051,orange
18.868185737793386,72.83404754170365,2024-01-24 10:00:00,1,0,1,0.7784190351697063,0,0,18,2,0,0.11430405382600324,0.4100768293428239,green
18.807272332833943,72.99740330251664,2024-01-24 11:00:00,1,1,3,0.7703606911821439,0,1,15,4,1,0.5832111434683798,0.43989902865595976,orange
18.975293779403298,72.76430395841932,2024-01-24 12:00:00,0,0,3,0.5730715330827637,0,1,19,0,1,0.6049475555714912,0.428600167162267,green
19.094958843427317,73.02718680964762,2024-01-24 13:00:00,0,1,0,0.592381504423185,0,0,18,5,1,0.44554530073353305,0.18752719344276808,green
18.996122022549866,73.03285367118309,2024-01-24 14:00:00,0,0,2,0.29713747338061924,1,1,0,4,0,0.3418547225183118,0.23099975368210407,green
19.018737461011867,72.90298709350434,2024-01-24 15:00:00,3,0,1,0.8720884127292534,0,1,18,2,0,0.6868538883951623,0.006194160951877914,red
19.252079347246873,72.70255434868673,2024-01-24 16:00:00,1,0,3,0.641771241956037,0,4,6,5,1,0.2211932452460112,0.1996976740217754,red
18.97412773351165,72.81481525326997,2024-01-24 17:00:00,2,1,1,0.7771090415830071,0,4,22,6,1,0.5667535284718007,0.23021341118330074,red
19.056994744579907,72.9467707673503,2024-01-24 18:00:00,2,0,3,0.6622507607707725,1,2,10,4,1,0.7912665872295579,0.4534871465342393,red
19.19182650637057,73.09247447121096,2024-01-24 19:00:00,1,0,5,0.7576142074974568,0,0,4,6,1,0.2478681855572251,0.4469938368786237,green
18.998271391160635,72.95272541080666,2024-01-24 20:00:00,1,1,0,0.8383614372166761,0,1,16,2,0,0.7779335847362369,0.48304853204395476,orange
19.11104335011394,72.80392143242567,2024-01-24 21:00:00,0,0,1,0.7098280727074674,1,1,10,4,1,0.7847150582380582,0.4425524925452602,green
19.231181854373375,72.95360228123984,2024-01-24 22:00:00,1,0,2,0.7633582625301942,0,2,23,4,0,0.15393398340740944,0.004100354713822807,orange
19.27476031182882,72.91599415188634,2024-01-24 23:00:00,1,1,1,0.8724958896467461,1,0,7,1,1,0.11690589347846365,0.32073042616610986,orange
18.87353674046452,73.01193815806046,2024-01-25 00:00:00,0,2,5,0.7498052532280345,0,5,9,5,1,0.9765418653893754,0.034118841551520396,red
19.26329381258075,72.74279225553079,2024-01-25 01:00:00,0,0,1,0.5797840086618884,0,2,11,5,0,0.27404439354894244,0.1362971431899927,orange
19.04605814653977,73.0044111610008,2024-01-25 02:00:00,1,0,3,0.5044829534605119,0,2,9,0,1,0.8399252881900927,0.28915381473529017,orange
18.92912219414948,72.91650663147044,2024-01-25 03:00:00,3,1,2,0.66924524981356,0,1,12,6,1,0.6056655877407687,0.35030690920376945,red
19.02956787811913,73.08519680154359,2024-01-25 04:00:00,1,0,2,0.5245514344085239,0,1,17,6,1,0.3380249417832971,0.3273160129585476,orange
19.29001628764274,72.83674886641548,2024-01-25 05:00:00,0,2,0,0.7950839619433079,0,0,9,5,1,0.21697339295693133,0.02452918370432161,orange
19.046309046996434,72.95304875725358,2024-01-25 06:00:00,0,0,2,0.2861145013176797,0,3,18,5,0,0.5470095462199548,0.051801934784776016,orange
18.964375805143757,73.072811242204,2024-01-25 07:00:00,1,0,2,0.5748826514942669,1,4,19,4,1,0.46661933046650494,0.0642934064656367,red
19.116700427158364,72.74100389119627,2024-01-25 08:00:00,4,2,4,0.760157198293643,0,2,16,6,1,0.7289974766053611,0.045707188384845554,red
18.920072809389097,73.07489139489458,2024-01-25 09:00:00,0,0,0,0.7351954099847685,0,1,19,3,0,0.913751694592954,0.08911721163466113,green
18.837931664054334,72.97515428892032,2024-01-25 10:00:00,1,1,3,0.7826958399251125,0,3,15,1,1,0.8247232782670946,0.3442438956557797,red
18.864439860955326,72.72713482364207,2024-01-25 11:00:00,2,0,3,0.41555545613869715,0,1,4,0,0,0.3470068451843307,0.41541862557957643,orange
18.864022919478888,72.82038542677873,2024-01-25 12:00:00,1,1,3,0.7786355405223672,0,2,2,1,1,0.8910398966070752,0.20440694503670515,red
18.875951346756146,72.9832688354581,2024-01-25 13:00:00,1,1,2,0.520553987786562,1,1,14,0,1,0.8500521826941437,0.3463907532141718,orange
18.869413586324704,72.72694024058751,2024-01-25 14:00:00,1,0,0,0.7950675011936752,2,0,1,2,1,0.9362226103495914,0.10000813063291325,green
19.120437372401607,72.9328681840705,2024-01-25 15:00:00,0,1,2,0.6135566763190784,0,0,12,4,0,0.5127947389341889,0.48664007581670404,green
18.890940042199574,72.83835322278118,2024-01-25 16:00:00,0,1,2,0.5943641376214134,2,3,21,5,0,0.7917176551684586,0.17499876142880916,red
18.972833641661932,72.94836620710699,2024-01-25 17:00:00,2,0,1,0.7027246211479126,0,2,7,5,1,0.6324922589713033,0.42293345310241753,red
19.248394204953005,72.718296813525,2024-01-25 18:00:00,0,0,0,0.8230400516177594,0,0,22,3,0,0.379452477294535,0.4726831863146935,green
19.036980820131436,73.04861472246094,2024-01-25 19:00:00,1,0,0,0.6154390936695966,1,3,16,6,1,0.9949879022884871,0.4323569814376511,red
19.133778869260514,73.08939558767095,2024-01-25 20:00:00,2,0,1,0.4360130247787032,0,1,3,6,0,0.13447672015569523,0.033533825770144465,orange
18.886159935600816,73.08755114211426,2024-01-25 21:00:00,0,0,0,0.7175799011359543,1,1,18,1,1,0.24604531530316723,0.32515357865362804,green
18.896144509404337,72.99986073269717,2024-01-25 22:00:00,2,0,2,0.6635569561271767,0,1,21,1,0,0.9032881262787054,0.06004535328577559,orange
18.82043430813324,72.75203449605226,2024-01-25 23:00:00,0,0,1,0.6963731189654453,0,1,8,1,1,0.15450655907137018,0.0028315002628983565,green
